--
-- PostgreSQL database dump
--

\restrict BmMoxrgql5lRCkHxA9xlltqHxtbYRUTch0lZxeXD3cQ9bthsSU3v2I82dDxK4jy

-- Dumped from database version 16.9 (415ebe8)
-- Dumped by pg_dump version 16.10

SET statement_timeout = 0;
SET lock_timeout = 0;
SET idle_in_transaction_session_timeout = 0;
SET client_encoding = 'UTF8';
SET standard_conforming_strings = on;
SELECT pg_catalog.set_config('search_path', '', false);
SET check_function_bodies = false;
SET xmloption = content;
SET client_min_messages = warning;
SET row_security = off;

SET default_tablespace = '';

SET default_table_access_method = heap;

--
-- Name: demons; Type: TABLE; Schema: public; Owner: neondb_owner
--

CREATE TABLE public.demons (
    id character varying DEFAULT gen_random_uuid() NOT NULL,
    name text NOT NULL,
    creator text NOT NULL,
    verifier text,
    difficulty character varying(50) NOT NULL,
    "position" integer NOT NULL,
    points integer NOT NULL,
    video_url text,
    completion_count integer DEFAULT 0 NOT NULL,
    created_at timestamp without time zone DEFAULT now(),
    updated_at timestamp without time zone DEFAULT now(),
    list_type character varying(50) DEFAULT 'demonlist'::character varying NOT NULL,
    verifier_id character varying,
    enjoyment_rating integer,
    categories text[] DEFAULT ARRAY[]::text[]
);


ALTER TABLE public.demons OWNER TO neondb_owner;

--
-- Name: pack_levels; Type: TABLE; Schema: public; Owner: neondb_owner
--

CREATE TABLE public.pack_levels (
    pack_id character varying NOT NULL,
    demon_id character varying NOT NULL
);


ALTER TABLE public.pack_levels OWNER TO neondb_owner;

--
-- Name: packs; Type: TABLE; Schema: public; Owner: neondb_owner
--

CREATE TABLE public.packs (
    id character varying DEFAULT (gen_random_uuid())::text NOT NULL,
    name text NOT NULL,
    points integer NOT NULL,
    list_type character varying(50) NOT NULL,
    created_at timestamp without time zone DEFAULT now(),
    updated_at timestamp without time zone DEFAULT now()
);


ALTER TABLE public.packs OWNER TO neondb_owner;

--
-- Name: records; Type: TABLE; Schema: public; Owner: neondb_owner
--

CREATE TABLE public.records (
    id character varying DEFAULT gen_random_uuid() NOT NULL,
    user_id character varying NOT NULL,
    demon_id character varying NOT NULL,
    video_url text NOT NULL,
    status character varying(20) DEFAULT 'pending'::character varying NOT NULL,
    submitted_at timestamp without time zone DEFAULT now(),
    reviewed_at timestamp without time zone,
    reviewed_by character varying
);


ALTER TABLE public.records OWNER TO neondb_owner;

--
-- Name: sessions; Type: TABLE; Schema: public; Owner: neondb_owner
--

CREATE TABLE public.sessions (
    sid character varying NOT NULL,
    sess jsonb NOT NULL,
    expire timestamp without time zone NOT NULL
);


ALTER TABLE public.sessions OWNER TO neondb_owner;

--
-- Name: users; Type: TABLE; Schema: public; Owner: neondb_owner
--

CREATE TABLE public.users (
    id character varying DEFAULT gen_random_uuid() NOT NULL,
    email character varying,
    first_name character varying,
    last_name character varying,
    profile_image_url character varying,
    is_admin boolean DEFAULT false NOT NULL,
    created_at timestamp without time zone DEFAULT now(),
    updated_at timestamp without time zone DEFAULT now(),
    is_moderator boolean DEFAULT false NOT NULL,
    password_hash character varying,
    username character varying,
    country character varying
);


ALTER TABLE public.users OWNER TO neondb_owner;

--
-- Data for Name: demons; Type: TABLE DATA; Schema: public; Owner: neondb_owner
--

COPY public.demons (id, name, creator, verifier, difficulty, "position", points, video_url, completion_count, created_at, updated_at, list_type, verifier_id, enjoyment_rating, categories) FROM stdin;
87135f8e-6d1c-4a38-859a-b453bfaca44b	burday723	majin, TheeNegativee, Tusol	majin	Extreme	1	300	https://www.youtube.com/watch?v=usGsvUvAKRE	0	2025-11-26 16:23:13.001229	2025-11-27 16:19:27.897	demonlist	e475c368-3923-4346-a1a1-e2bdf0d861b4	4	{Wave,Learny,Fast-Paced,Medium}
1ad381e2-a3fc-4748-a897-d59e47ffdb9e	2	2	22	Medium	2	298		0	2025-11-27 16:19:24.091087	2025-11-27 16:19:28.011	demonlist	\N	\N	{}
14e6dc07-873c-4573-b284-50e401875796	supoerbird	as		Medium	3	297	as	1	2025-11-27 15:15:55.571299	2025-11-27 16:19:28.125	demonlist	\N	\N	{}
4270e847-c4cc-404b-b6a5-cf378fb746af	bird	as		Medium	4	295	as	0	2025-11-27 15:15:44.896016	2025-11-27 16:19:28.239	demonlist	\N	\N	{}
49e9454a-7c9e-42a8-8ed6-4e9540ef179e	tes	tes	teset	Medium	5	294		2	2025-11-26 17:39:34.220918	2025-11-27 16:19:28.353	demonlist	\N	\N	{}
8550ee45-a238-473a-ac83-3395121fe961	Bart	Bart	Bart	Extreme	6	292		0	2025-11-27 16:15:11.683419	2025-11-27 16:19:28.467	demonlist	\N	5	{Nig}
9b45b377-c3cc-4821-aaab-46886ed4c98d	as	as	as	Medium	3	297		1	2025-11-27 15:15:26.66531	2025-11-27 16:19:43.449	challenge	\N	\N	{}
d9b65eaa-c507-469a-bfc0-d68dcf9538d4	as2	as		Medium	2	300	as	1	2025-11-27 15:13:21.273016	2025-11-27 16:19:43.563	challenge	\N	\N	{}
18890ee6-6c2b-4e0f-b6c1-e2c1efbaadd6	4	4	400	Medium	1	300		0	2025-11-27 16:19:43.735134	2025-11-27 16:19:43.735134	challenge	\N	\N	{}
\.


--
-- Data for Name: pack_levels; Type: TABLE DATA; Schema: public; Owner: neondb_owner
--

COPY public.pack_levels (pack_id, demon_id) FROM stdin;
322cb56c-89c1-447b-9f7e-d9bde8060fd9	87135f8e-6d1c-4a38-859a-b453bfaca44b
322cb56c-89c1-447b-9f7e-d9bde8060fd9	49e9454a-7c9e-42a8-8ed6-4e9540ef179e
\.


--
-- Data for Name: packs; Type: TABLE DATA; Schema: public; Owner: neondb_owner
--

COPY public.packs (id, name, points, list_type, created_at, updated_at) FROM stdin;
322cb56c-89c1-447b-9f7e-d9bde8060fd9	test	67	demonlist	2025-11-26 18:37:04.70732	2025-11-26 18:37:04.70732
\.


--
-- Data for Name: records; Type: TABLE DATA; Schema: public; Owner: neondb_owner
--

COPY public.records (id, user_id, demon_id, video_url, status, submitted_at, reviewed_at, reviewed_by) FROM stdin;
29292f38-309a-4ab4-abc6-96a4b74d5efa	e475c368-3923-4346-a1a1-e2bdf0d861b4	49e9454a-7c9e-42a8-8ed6-4e9540ef179e	https://www.youtube.com/watch?v=usGsvUvAKRE	approved	2025-11-26 18:37:23.013279	2025-11-26 18:37:36.519	e475c368-3923-4346-a1a1-e2bdf0d861b4
4b0d665f-6807-45e2-a45d-d6271a22305e	c2f7e012-c027-42cb-bf46-907612938f61	49e9454a-7c9e-42a8-8ed6-4e9540ef179e	https://youtu.be/lZEkq7euyHg?si=dT1FBDS3svcXc_EA	approved	2025-11-26 21:09:33.43432	2025-11-26 21:10:09.492	e475c368-3923-4346-a1a1-e2bdf0d861b4
fd21ace6-b4c7-48db-bb52-ad6a89f558ec	e475c368-3923-4346-a1a1-e2bdf0d861b4	d9b65eaa-c507-469a-bfc0-d68dcf9538d4	https://www.youtube.com/watch?v=usGsvUvAKRE	approved	2025-11-27 15:39:14.390656	2025-11-27 15:39:25.259	e475c368-3923-4346-a1a1-e2bdf0d861b4
9eca8e50-2e49-4d8f-94c6-c376a0ecbfff	e475c368-3923-4346-a1a1-e2bdf0d861b4	14e6dc07-873c-4573-b284-50e401875796	https://www.youtube.com/watch?v=usGsvUvAKRE	approved	2025-11-27 15:56:23.849589	2025-11-27 15:56:41.738	e475c368-3923-4346-a1a1-e2bdf0d861b4
f311e5bb-81fe-4f26-a1cb-bc1a9e09860c	e475c368-3923-4346-a1a1-e2bdf0d861b4	9b45b377-c3cc-4821-aaab-46886ed4c98d	https://www.youtube.com/watch?v=usGsvUvAKRE	approved	2025-11-27 15:56:30.018328	2025-11-27 15:56:43.134	e475c368-3923-4346-a1a1-e2bdf0d861b4
\.


--
-- Data for Name: sessions; Type: TABLE DATA; Schema: public; Owner: neondb_owner
--

COPY public.sessions (sid, sess, expire) FROM stdin;
dZ9zse5x3t_p8uuW38mhc5J0LN_eWnD7	{"user": {"claims": {"sub": "493f873a-1cd3-4b4a-9b4a-3991400b350e"}, "isAdmin": false, "username": "macaca", "isModerator": false}, "cookie": {"path": "/", "secure": true, "expires": "2025-12-03T21:08:12.743Z", "httpOnly": true, "originalMaxAge": 604800000}}	2025-12-03 21:18:43
Y1qP2s5vxga7G8jrTM0FiWFJRkX9VyGz	{"user": {"claims": {"sub": "c2f7e012-c027-42cb-bf46-907612938f61"}, "isAdmin": true, "username": "Pingel", "isModerator": true}, "cookie": {"path": "/", "secure": true, "expires": "2025-12-04T16:13:07.513Z", "httpOnly": true, "originalMaxAge": 604800000}}	2025-12-04 16:19:56
UKbwjKOiey5f_Jmz6lvb5OF8aUqsqvBZ	{"cookie": {"path": "/", "secure": true, "expires": "2025-12-02T23:37:33.856Z", "httpOnly": true, "originalMaxAge": 604800000}, "replit.com": {"code_verifier": "0hWJfCfPLtDn-bL4F0CnwYc7hjJGge3ncL-blvMiMME"}}	2025-12-02 23:37:34
GaTPpmq0IC0gx8jQROOwjK4_i0xrSuBg	{"user": {"claims": {"sub": "e475c368-3923-4346-a1a1-e2bdf0d861b4"}, "isAdmin": true, "username": "majin", "isModerator": true}, "cookie": {"path": "/", "secure": true, "expires": "2025-12-03T16:09:39.277Z", "httpOnly": true, "originalMaxAge": 604800000}}	2025-12-04 16:20:09
fuxVywG8kHDTfhYMQpr3PL02HROtn1lr	{"cookie": {"path": "/", "secure": true, "expires": "2025-12-02T22:29:42.052Z", "httpOnly": true, "originalMaxAge": 604800000}, "passport": {"user": {"claims": {"aud": "41756c57-278b-4d99-a259-552a43cb4545", "exp": 1764113381, "iat": 1764109781, "iss": "https://test-mock-oidc.replit.app/", "jti": "843204ebd3c8b2170f888587a6de3978", "sub": "admin123", "email": "admin@example.com", "auth_time": 1764109781, "last_name": "User", "first_name": "Admin"}, "expires_at": 1764113381, "access_token": "eyJhbGciOiJSUzI1NiIsInR5cCI6IkpXVCIsImtpZCI6Ijc4MDgyZTlmZjVhOTA1YjIifQ.eyJpc3MiOiJodHRwczovL3Rlc3QtbW9jay1vaWRjLnJlcGxpdC5hcHAvIiwiaWF0IjoxNzY0MTA5NzgxLCJleHAiOjE3NjQxMTMzODEsInN1YiI6ImFkbWluMTIzIiwiZW1haWwiOiJhZG1pbkBleGFtcGxlLmNvbSIsImZpcnN0X25hbWUiOiJBZG1pbiIsImxhc3RfbmFtZSI6IlVzZXIifQ.DaYNlQm0SqwPqLX10rC7AEV56KX6m9SA10PlB4OwfzYaOOSgv9QxMawhrsGx1uADcyRVNnUSdeqDT7mP6sp-6jX5LuMWNQsDU-QNSOnejR8HTAVcs-HS1IasRTz1X7GeQLwyAjERcwUlveYStEPcxknsc5SynnRYpZYDyA9sYapp32iZF11ymjSchJcsNXgXi_4phJRiOVG7iX3GqOlkGRVUuXsQt3l6LHo-k5_188XBS_j3lkKaIzSP9u5b1T6eq-eK7t81ESKVBIyGKvnl0112W01qN82NqQzAJgUgOFsz2soYTj8Uwin8GHFBjC_0N0w4j06pzSG-X_bdL-IlZQ", "refresh_token": "eyJzdWIiOiJhZG1pbjEyMyIsImVtYWlsIjoiYWRtaW5AZXhhbXBsZS5jb20iLCJmaXJzdF9uYW1lIjoiQWRtaW4iLCJsYXN0X25hbWUiOiJVc2VyIn0"}}}	2025-12-02 22:31:25
lbg4swRlJIo3Sz38wPV1rwldcUW7bUxo	{"cookie": {"path": "/", "secure": true, "expires": "2025-12-02T22:31:50.465Z", "httpOnly": true, "originalMaxAge": 604800000}, "replit.com": {"code_verifier": "QYv3n105zLbYAtDYYUcqmXjDjTwc-5zH0P9KyNOfvQg"}}	2025-12-02 23:58:34
mNjCKrSrz0UWD6CgEuXIY98mWLQdPunP	{"cookie": {"path": "/", "secure": true, "expires": "2025-12-02T22:28:53.522Z", "httpOnly": true, "originalMaxAge": 604800000}}	2025-12-02 22:28:58
\.


--
-- Data for Name: users; Type: TABLE DATA; Schema: public; Owner: neondb_owner
--

COPY public.users (id, email, first_name, last_name, profile_image_url, is_admin, created_at, updated_at, is_moderator, password_hash, username, country) FROM stdin;
user123	player@example.com	Test	Player	\N	t	2025-11-25 22:26:32.186904	2025-11-25 22:26:32.186904	f	\N	\N	\N
admin123	admin@example.com	Admin	User	\N	t	2025-11-25 22:29:41.767535	2025-11-25 22:29:41.767535	f	\N	\N	\N
e475c368-3923-4346-a1a1-e2bdf0d861b4	\N	\N	\N	data:image/jpeg;base64,/9j/4AAQSkZJRgABAQAAAQABAAD/4gJkSUNDX1BST0ZJTEUAAQEAAAJUbGNtcwQwAABtbnRyUkdCIFhZWiAH5gAFAB8ADQAMAAZhY3NwTVNGVAAAAAAAAAAAAAAAAAAAAAAAAAAAAAAAAAAA9tYAAQAAAADTLWxjbXMAAAAAAAAAAAAAAAAAAAAAAAAAAAAAAAAAAAAAAAAAAAAAAAAAAAAAAAAAAAAAAAtkZXNjAAABCAAAAD5jcHJ0AAABSAAAAEx3dHB0AAABlAAAABRjaGFkAAABqAAAACxyWFlaAAAB1AAAABRiWFlaAAAB6AAAABRnWFlaAAAB/AAAABRyVFJDAAACEAAAACBnVFJDAAACEAAAACBiVFJDAAACEAAAACBjaHJtAAACMAAAACRtbHVjAAAAAAAAAAEAAAAMZW5VUwAAACIAAAAcAHMAUgBHAEIAIABJAEUAQwA2ADEAOQA2ADYALQAyAC4AMQAAbWx1YwAAAAAAAAABAAAADGVuVVMAAAAwAAAAHABOAG8AIABjAG8AcAB5AHIAaQBnAGgAdAAsACAAdQBzAGUAIABmAHIAZQBlAGwAeVhZWiAAAAAAAAD21gABAAAAANMtc2YzMgAAAAAAAQxCAAAF3v//8yUAAAeTAAD9kP//+6H///2iAAAD3AAAwG5YWVogAAAAAAAAb6AAADj1AAADkFhZWiAAAAAAAAAknwAAD4QAALbDWFlaIAAAAAAAAGKXAAC3hwAAGNlwYXJhAAAAAAADAAAAAmZmAADypwAADVkAABPQAAAKW2Nocm0AAAAAAAMAAAAAo9cAAFR7AABMzQAAmZoAACZmAAAPXP/bAIQAExMTExUTFhgYFh4hHSEeLSkmJiktRDA0MDQwRGdAS0BAS0BnW25aU1puW6OAcnKAo72flp+95czM5f///////wETExMTFRMWGBgWHiEdIR4tKSYmKS1EMDQwNDBEZ0BLQEBLQGdbblpTWm5bo4BycoCjvZ+Wn73lzMzl/////////8IAEQgEkgOBAwEiAAIRAQMRAf/EABoAAQEBAQEBAQAAAAAAAAAAAAABAgMEBQb/2gAIAQEAAAAA+pEyZhSCUShLuQBClIBrIFBSguhqGpYQEMwqG0zIARACwl3CKiULABYFVKCpbaBdRNRciJBYNJmVAkIAWEu0QEUBFEpKtCli0pKNgCRCQLKIZQECKEDaQLAioUBQKAukWyi6AQiERYNMyWRFgIpUEbgSoRSoABqFWFtWU1C0UliSCFJltnJBLlQVhjVpdpKyigKAAoKoFtBoKCSyIksI3MwiWWCKucdPNnp0tugEAlAUIChVCqF0AAyiILmdMpBIAU58cZb30u9WLBFyFUijJqFKUUqloqUgTJAJNRkIUEHHz6zGt9N9LCAQtSktRFsUUostUopKEljKUJIQJC3JQ5/I9zGda3069IDLUjSoFQSi1KCqWqUQBJEirEggIYTK6ujx51Oda6770glkasAEKBTQKKq2oCDJIEgWBIc+VkutSyzy9GU1d9ugBJauSrAUItUFLoFqCESECRLYgI48OTd3WSY6aYqb6dNiKABYCgFFsqtKWxJUEkQSIsVAJ5vAXrbrDEz17SrV32qwAAKFEKBoapUoIGYQJLCTaWQh8X53q6dWQxe3q5b3ppd7cvm+PP1foqQKAAoS6F1QUhKmUQEghUEB8v4PT09NhD3XPXrdU5fG+Vxb19P7/eygEUBaKpbQaJEIMoiWAhYkWpHH8/4J09Xp0kmvbd3e7tz+N8jlc769P0H04olFIooqqtFSiCQkkJUWSVUJztlpPD8r5/e+7MzJ19nSta2635XxfO03fo/d9AAFlBaaC0UIEyiCCESqgz8v52nTfHffrz1nlyzlbv09E3qb6dfB8363v/P/ACmvV+o6FIAKNAttFFZEhJBCQBYE5/H8Oc76b4+fD1/Q5unbpp5t5knS77dem2fx/n3r0fqepRFCUaNQuqQVCGREgiKgsGXDl6cN2yc/H4/T6e+s454mZmM6b7ejprXyfzG7fX+s0UlAtS1VWixUhERCSELFlQGZ87g5YnbxS+76XXTHHDOZM4uU3rt6Lrt+U8Euvs/ogAGllqlUFGRGWZqMkqWwlyso8/xsc+XDhr6f2e9qceeUmWeeNSXb1+hh8L5sT9F9sKAukW0FUEgmUSyJSAEIpPm/nOOXq+19PYY5YwTMzOWds3XT1ejfPHP5nx8vv/eFIaKWqC0EQSZgZCWKCEpXPn4vg9/se4qZxzxLJmM8fNb5uvX0dvb1rPLwfD49PZ+q2UUalVRaAjIzYmUAAEQtSYc3QhM888xMcePl83Co19D1fS9OrXPzfE+Y9/6zagtpSlVQiZIkMiAFEyLSE8vckWYxzzJc/O+diS6zcN9ftfS626MfJ+Bx+h+u2pLoqlFFEzC5ZIgCAuQFEnDZM2zGJhJ8/wCTn0e7fLn5s85NdP0ns3pax4vzHn/UfZoKtUpSrEkgzCXIhQIIKVJy5dWSpnOZiZ8Pm63lw82CLq/d+ru71Fnn+P8Ab9Iq0VQtLEkQmRkAigJCqJPH1sl4+Ti9nfLM5eT5vlxb17unTn5+D6X3+l1uhz12C2mlEtCySQZhGSpQAIBU5+D13Pj8O/Rc+Tl9TtOXyPDy16PZ6/Xvni8uPzfH6f03e61sJl3F1aoFKiZgTIiCFAKYsUrPn83qnye3uCY+bfd8n5b3fU69elmZjh5+Hz+X6H29N61oM+efRNKaUC2STNiSIEJQFCIC3OPn9evyPpb0IT5vnxz93t6q0zz48ccuPH6np666a2g4+H3+y22ilFkRghMkAAKRbzqWrnn8z1+D3dCosY+H9Xu3ZTGfPysxnp6da31tRWPB839J6q0LVgskmSJBkEKAFrnQtxy+P6PVsoLl83H09UHPjyrLfXed3d2licfz3s/SdhRalRJmREgBCKCguApjh8v1etLYarLj8f7PSyXM58c7y6dDO701ag4/Az9L9HSVaEjLMIiAQBQAgDl5PD9VLoyDWfg/a6QTPHnpddUk01vVsHP4nm6frO4VUJJGUIlgJYBYpYICcvn595ZYssqfE+vtqM8eat9NTOJq63bayz8Lzvr/AKKwKiGcyCIFhUAWUCAY5fK9nZVZq3M1Pj/U3bM8+WbN76EmZrWmlM383y32/XdgIiSSBIAEKgFBCDGPi/XGmRqSp8b6nSpnlzl101STPLpu6uomeHwGev6n30qJEiZAgASwoWCsAZ4/L+mFktQPk/S3Yxx5tddrM6zOberq6Tl8jxzPX9F7fXRImUTJYAAEBQVkIx5vB9TMoikXPzPo7Zc+B13qyRMZ2dDpmfN+UxrX6Tv9HUJEkSSoCiAEClggHHwZ9sSgo35PN7i8+OLrpu2Z1mZzNtVqeb4eEuv1HTp7ojJECIS1CwQsFBWRY4fN7eiGboM3T53X0VMcs63vTOmWaxVqvkfPubrr+l14P0CJBICIoAIFTWRawB4vN163JLpZy1t8r1ehZz4zXVbblkzy6XWmfD8/jlrfu+2+P9z2JAQIABFBKApgLPh9OvY0kNXKPj/Q6tZ48t62upKJlG7Pn/LlzdvveyfG9P6FECEFEShYELKmiTKh5fHn1F1mJrWNuPzPodGufGXe9ELGLybZ8vzOdhr1fe3n4Wf2IQlSoCChAJrKimCjh4vNy929WFY1uePzfQucsWt6iW5zZMbmfneDUhq/a92vN8G/qfaQAEKhSWIsC1AwFnLwvF8P3/U9FtXn01n5t9dZnO3pWN6ZDPLGPB5blan0/qdJ875W/u/ZBAAQAVBBVIvMF5fMno/KT73Dr6+usTqx8z1dtRjnd6ZdMk0SeD5eKFvp+12vH4fLf2Pu1FQSwJQFiBRRK5gY4eDu5e2ebw47+re3D5vu61nM1oyS1NZ8Pz+Mo0dvs+ivB8m6+59oAAgACBRQHMDn554PoWxJ5vHnXp48fV1q4zuksi8fL5/Li2Bqd/renV8/xuer+j+juUgSggAIKCpTmUc+HP5n1VsMpx5fL9Xo9PMznonXEvj4eThm0Cavf6no6OfzvBL3/Td+tCAAAJUFABzBXl5eLXtqxJrHD5X2dZvLOJt5+Pn5YzhE0KL7vb6daz4vlZ0+t9jXqBJQAASoKADCUl8Hi8/f36qGbj5Xo9tkzxx1vm+PzMppmyqs9Pv9XVc+X5ON3f6H0cvpBAAAASgssBgC8Pie7fj92oszOXxvtb1JOfFucfB48mbpFR6fqbddV5Pk4bfW+nvx/U7BAKgllIUQUAwFOfw+vv8And+8uszHy+3uprHOefe3LHm4ceUK117entvdunH4/Knq+72vzPofRUQCAAASgBALx+N176+X9DYx4vB9vUVnEvHpnLMxjLN6N9NlXPn+XhXX73Xpj4X1vtKSKQCpUWACiAUM/OcfTz+P9Hsz5fl/Z66ympiWYVMsrUs1Wbl4/nwu/s+zW/neD6X3wkUQFIAApKGgDzeXnjvz+Vw6cd/T7DPzfpyfK93r8zUZ3izUyTNXh4OeRr630N3n8N9H9GJFAQBFCKAqtgHPw8vN6pjHn32qcdvj/ZZ49euOHSLLMkrOd+Ly8FU+t9C2eD5t+v8AoggABKQoSgB2Sgng4Y8nszhKk+b5s9frBu+TbWcxLiXPn4efFDWvp+/Wp5fjzX3vvoBAIAgBQUjusUPH4ccsd5ISebzdvTQ+T9KZ6eP1scOeJy5cYUV6/o+nVvl+Vy10/UfUBFgELkCAsKqHeygY+VwvjnqSGcfK+poRNTy9ceDz8oEFKvv+ju9J5vk8XT7f0fpdoQEssCCQqUKA6KAeDxTHk8nv6omPkfWDPyvqdJ5r08Xz+YEVXT1e/uteb5fFfd9rt6voWLAAJCCoBKBsAOXysScPDz9HZz82PpVE83o3jhOjPDjz545U119Hp761Vz5vm8V9n2t9umvrgCAEBSIAlAAT5/kmZxnl5Oe/doVMxx49dzM1Ew0up3Kni+fz1fd9a9Om/nfb+iAACAKEQBChR5/lZzliYmZvcKnP5f0Hh7da0subZW6TzeXy5b+p7mt9N+H5X7ruIBABBQEAFAM/M8s5sMyS4dKrPB5vl+nt16Lotsx01nHPzeTFdfsdzXTevB8f6P7YBLAgAIoAZAKOHy+eJmQxZ5O/W1M48HydN9fT01vc1c5c+Xm5Zq/R+jS73q/L+Xf1H6KABAQAAA5ApSPn+TEzlhC+eeqpnz8eHhyGtb763z4XjIs9H1u6Wa6N5+H5ddP3XsAAQBAAB5KKUHP53KM5zJc9MZ4Ozx3vrHi8XOWUvZxDXT6XuZmjerrz/Asv1/2gACAAAA+aJAC8OGZmTMBHDl22GPH5PPKUml9Hu9tzmajWt2fG8iX6H7D2WABAAAAciISTKZ8/m5sxiLEGQCcPNw582+3Xv366sxKJvW3l+LJrP3frfS9UAEAAhQDmAqknzfJmYSEkpAIICXQszKSXe7j4vnL6P0Po19H1QARUIAAGABqGfleRlGRBBYQqES23MgZje7Pl+Edfue3euH3O4AEACADAADPyfNc85UCAyVYBCpmLIy1vG/H8y5r7P0Ot3fnfqNhQogAAHMABy+X59TGObcQJazVQgxq5SxMhvTh8nFnT63v626vi4fq6C0BaAAOYAF8vz/PqYYznM1Y1IWAZrKolmSaW3l8rnZ6fqezbV1cfA+39q2lKKUKFFcwAL5Pm8tTMzGcYY1bQhc1GNWZJKKrPyuW9e76XXV0tr4nL9f6MzMgtttqgtCoAA8fz8MyTLMZzMIlLLLTNIhGlXXn+Vv2e30dl1aJ8vwfZ/VWESSZmZEKttW1oAC+Dw82YiZTKZmYkBU0zUIF06Xjz79uu1q1WPmePX7D3gAISZkyzIj1gAPn+PEzEjJMpjIzFBGNoIXWt63id96VK1F5/BzP0H3u4AAAERAAHyuHOJESRMzLnYiwhJUIrWtb6aau1lmhc+T4en2ftfToAAAAwABPl8MZZuURm5kmBkgkuLYRWtb303boFayT4eOHX7/t9H0AAAABgACfK4ZkkgyMsGDJERjO0UXe973bqaFCZ+b85n6v1u19vrAACUAwABn5PLOZNSSzJJmzGsyZXLLCqF1vW+t0NCos8vxud+p9Lp035/u7AAAAYAAz8nlnDWYzblkzLmIzcyRiaKtutb1vSlUK5/F8nr+l6+jeuV+8AAAAwABn5PPPMhBJGazGUJlMlKt1em9KW1YsvP43s9nXS6Y+N+z7AAAAYAAnyvNMpNQhZmIwMxknPVsWtXW9mlhWrKznd0qvJ8X9H9+gAAlIyABPl+eYiCLMjLMuakRMyqW3V3dLBqloNCs/I8Pu/baAASkVGQAHzvJzjMthIJiWSoiJNZLpa1bpQtGiVVJn4k+h+k9YABKIMgAXweHGEuams2MyLhrJEmc26NLppqwVVqWyy6RHHXb2fS0AEqAGQAHl+fyxBCpBmRKysGNFW222alKKpUUMeW+69foekKlIADIADj8zjzBLc1JIkFSCLYaq6sUS0NFCTHyfB0/Rem9vpbAVAAZAAY+Vy5RLJolRiDOjOkzdZXQ1VKQ0FEsmc/I8lev796ev3CgAAyAAfK8/KS5VQyzqSZ3mxN5KotKpZSwaM3PP5TwtV9r6Guv0+hUAKIQAA8Ph4yEaXNSZgJLrKGqK0oBNRS2SY8HyO2uWjr+j1v1/QAAAIAAef5nPmkVSpMBDSS89i1osWiLFlKzjh8Tjr3evn4c36303X6nQCgAQAAx8rhzRSKjIyWxYWNEaomoIoLE4/E8+8vuenPy/L2/SL7vfAAFQAAE+b5OcgGoucwALluA1aQqATUMeH4y29fu9Z5fmfZ9k7fU2CwAAAAnm+dwkWCywZlkoWWUWiNS3JZZqLJw+P5d89a19D6mnPr0m/b7aAAFgABOfzPJEthWsWZRYWXOesimrkpYsBKzPL8flNa1p930a00cfH9n6lAAEoACY+d5cSBZbEZk1LciZ1qU0KJSGSpOXm4ccYy1n2fb3tS8enq93SpQAlABEz87jwZRGtQZQzSs52VpYsBnbAtzMeHxfQ6ahzxv6O7dGsXXb3dKCgARQkmfn8+fKIRqpZM2M1WbZRoVCEagZz4fk4+p9HdjOr01q2zWZddfX6VCgCUCSMefxa8+UCxu4TLM1nWJdUUsCgWJJ5PkcXT7votFdF0synPPo+j6wUCkoRJJnPh555SXJqXWbJlC43OemlDQi3KAnH5nz5b9T6O9rm6tNJ5fB55vrn9D9egFKAZZkzOfk588syrKtyYioLCrmtQIAmPD8nnpd/d77Ua1R5/l8cbrb6/wCg2oC0lREzMs5z5uOMyAqkkxZrOZrUpskXNFhrE83xuMpr6X0uktNrpPm/N6+rvdYxz7/pewUUpIjKZkznn5MzEZtjVrMzBCyrclBKlSzn4vk5Lp2+12uehbUfL5e/vrdszx4/ovQBSiEkkYZzjlwYzkFKkZrGdgpKSypZUxz488Y58MZ19r1y6pqWY8/Xrd3VLOf29AoBJIkyznOOPLLMRRSTKWGbtm2JUJqWMY5c13XPhx+j6+e63nVmObppw7d6tt9PrVVASRGWZM55cfLx69sxCy0kiXFlSlWM2WKzz58l3rcTW9ludk453t8h5tdfX6fZ03099K0AkiSJM5nLyeTxvT6dIgqoTONsllJUzWomePFdb2su9FrWTHGTl5OOuc03fT9T6Hs60bBERJEkxOfj8vn5Y3vt2bsDRGcaxoAgjSZ5+bFu961TZtWsM8/N5PIm96xpdXPo/Q/T2NiCQjMTOXl58/N5+GdU6+jtcpbbJi3npYEsmoZz5uFut6utG7NWkzOPz/HFuqvSxt2/V+odBBJCIzM8fOz5uGc66b69NXnw4tNa2zvmozUSrDHLw51rW7rZutVpJnPn+TEXWtzrvOd2/T/SU6CCRERmY4cefOXp01oycvH5cZy6fU3ghEkRQnPxeK63vW93VuprVqM8/H82NLd1tqOrp+q9Z0EIhEyjPDy120CJnz+TzYmc9vr7zJhIzGbS5Tn8njd73db3ba3qlk5eDxhpa3vPW3HX63366iEQiMpMcyoIk5+by8cTM7/WRnFzMjFSknD5Tp27dNEjMutaKxx8PLjvJdxejWzv9b7W3UQkEJJJmSQiEnLzefjnJ6PpTnrGsyM5IuameHzN9/R166pJyxS21y8/zNcojbTWk315dvR+n9LrFjKohEkzJmEQZ5efjx5zN7/SRjLNwSSWwxw+b39XXtpbaznOUtTl4vn5uBbrpkutdJ2/S/QdRBEIhmJmSSIjGOPHlyzl6fpTmmblkkEM44eD1entpd7omMwMcfleYzKaF1q61On6T6rqiwiBlDKSSZkSZxy58+fLL1+xlmMxMpUlYnn8Xs7zzdPf0s0SM5hjyfJwMCqN9FdfufcdgRBCJESJJMsyc8c+eOeM+/tMImWc0RUmPN5vXzx7++6XNcvL7NZznn8755WclCdNZ2ff/QOwIggSQkiSTLMxjGMc8PcmEEmUSqznPm4T0+zpsWK5/J7fTZzx+NwU1nAZa64a3j7P6Z3AhCEQhIykmZMY54xHpy53OsAmY0ZnPy+bt9LpdXGgOHxPv7xnx/LTKtWcol7Zwbv0/wBTe4BEIRICSMpmZxjPPNtvLcwCKjNZ5+Dz/W761cwalvL431u+Ofyeffnxla3rWOXN1cS9vvfbdwCCIIhCRJJMzGM5VkzMaksQEnL5Xf6HXcZTQmp8vv7s+P53p9XDy4l3q21vpb013+ru30QBAiBCQiSSTMmMpnnq5mCQEGeHzPf6ummTNWl+a+ly+bj6nXz+fnylFuu22rrt9TrXoKgQEQhIlkTKRmZxjGOkzGJWSLCebxe3v105Upanze/s8Hk+h9G8OXPny5QXXa6t10+p3PSWAEBISIEzLEk58uWLDJMwAZ8vm9vTe8yhqmPme94O/wBTtc8845cOWB06RrV6fS9K+kIAEBIkEMkTOPPxmRCZhZqLnHk5+ztYi1S3n8f7Hjv0/XUiY58OXOLtG+nX39a9SEAEBmwkIJck5+XhJAmZc1ZScvFPb2247Sq2eTw+3P0fbtJWmefLlzwb6b3vfbVekQCwEEhCARJz8nmzUyhFLRjh830e3tvm1JLtXP4/p7e36HSg3WMc+eM3p16b0U7gACARBIokZng8yZIiNZ0VMeX430ff31i2ZW6s8Pi9vs+l1tI1sSYxm9N26C9AAAIGQgBGfn+bXKQZKUJx+X4fofS7XOyVqvD4Pb6fqei0G6CSWraK3YACUIIQIUjHh8aZiRWdKqY8PyePf7vZrUN1nzeD0ej6fsuhbdEAKUGwABKIBEAHLy+PExDNhpRPJ8jy3v8AV9etLRz8/Hr6fd7Olo1dAIKBaoAAQAAkA5ebj58YhkNymPF8fn7freTPo77umccud7ez2+jarbdEsWLChLVAAACAWIgcuHPhyxiXJNUnDwebf0vrdPD4cNEutde3r9XS6XS6oIAKAoAAEssChBExy5c/LzZkLJOPDjr0e/6G3Lz8MZtu9devbrta1WgAAAUAAAlgUIsEucY4+fxefWmM55c1139Xu9GhIi26b0W2aKgFAAEoAAAIoAQZzjjx8vg8+IuunTt39XfroU00uhFKBYAABUABFAEFCKAiYzz48eHM1vr16b3bpVqgoFABAUlCUgBBYoIKEBSWGc5nPOM7dNrbWrWpSCKtCVBYsILZTNv/xAAZAQEBAQEBAQAAAAAAAAAAAAAAAQIDBAX/2gAIAQIQAAAAAAAAAAAAAAAM51VAAAAAAAAjPh5dPX2oAAAAAAAzFvDw5dffugAAAAAAJ5vLOvbXk5nq9lAAAAAAAZ+dyka3gv0etAAAAAAAnj484VI7fQ0oAAAAAAM8+HPJMSX2epaAAAAAABnPHic8TO/X6qoAAAAAADh5ozMpfV6lKAAAAAAMefy4XRU7endqgAAAAATn4+EmrpdGHf07aAAAAAA5eDnhrTXTr1s8/nzv1ejdAAAAADHi88zbrXp75utPD5l6+3rQAAAAB4/Li7YdPT00jfP50Xp7O6gAAAAcvDz64xrrj09uHHk16PT87nLent7gAAAAPDzeaJfY5cjW9744i3v7tAAAAAnzenkyh16+curYkTXT6G6AAAAHP5986Rd+jym7IpF39HVoAAAA4eLHO5HTt5l3IWyL196dQAAAB5vPwkkt664NWSW0j3eieX2UAAAA83DhnJq9s8mkhaO3us8Pu2AAAAcfJxmV07c+dqQtrfu3OXj9/UAAAAx5OfLNunfzBBbenr3Z4s+/VAAAAZ8/bn5uN1rfCAGvT6NHn8no9TYAAABysk5ZZ4zSWt9e+xy8T365d6AAABMQgxy4nbp0uys8vJPV6Meb3AAABYnPOgmGfO9Xa0jPn87v63kz7qAAAA48+lEzE8zfTpWefPM9PpcfJ39gAAABx8vfoSRLx41YWb797z8T2daAAABceDr00EjPnytt6dOtY8ePT6GyoAACo8fH0l1cDjnrvV1Rx8ue/qxn0AAACwc/Brtq6kXM4dOu9GeXHm7+l43voACoAHi4t7bpXLmUkzvv3x5cT3dgKQKgA5eFDfok3rXPniRddOuuPlh7e1AAAATx8YN9dWZ77mZNaY83ImvftQAAARw8kBtmXr23ZnHHmE9Pqef0aAAAA4eOACKsRaTp7NcvD6fYAAApHl8soCCgo17N8/Djfu7AAABfBwKAClB6+nDyYX1eu0AAAeDilKpQKRe/DjB6PbdAAAD53NKLaFCyZkyD3ejz+mgAAJ83KCqVbZTOZmErp9CeL1egAABPm5QUqraiTOURb73kx1+hQAAJ83KBRTVhMyQRe3PN6/Q0AABPn80BQrRlMoQUvo9W9AAAeDigFCiSEIKa649PrAAA8fmQFJQSIBFuvX38OPodAAAcPCIKQVkQAdfdq8/B39wAAMfPyIVIWAgC693Xjnt5OXv6gAA8PGCCACAU9PsTwzfD0+0AAHl8sCCAEFDXr7Vz8Mb9HbqAAPP5JAgioIKNejp5bpylZ17PSAAY8XNAgVkAL29t8PBS3fXXXqAAnPy8kCKJABv3dLw8UF6+vGNdOlABJjzcYACQFOvo3t4MB0co36vUACSZ8/GQEokFNaLvlkaTvefN7uwAhnLnz5zJJRIWnRMkGt9evQc+Xp0AIkhJjnjOZIFp03JnINej0UgaAESFJiTz8AKt9TExGR09XSgTQAhAjMeXzlC2+nHLKg6+npaSpQAggmZnzcBRW+3Hmiq16PTbRBQAghMzPl4ihd7k4pevNv19lqkKAEEIzjx8xQdO3n5qvTXHr7NloFABAiTn4cUUO188tNd+Po9IKVQAICJw8KVQd+fOqr0Y9XQihaAAQJPL5QUXrzxoNd99dAVQAAQJ5POhQvfzyldu29qCgAAEI8vngB27+OFb9O9aKAAAAQnLxwEdPXvxcy79G9WqAAAAESebiRL09O5y5y76XWlAAAAAhM8eWV1ve9MxbbaAAAAACSZzLWrQUoAAAAACRJLaoCgAA//EABgBAQEBAQEAAAAAAAAAAAAAAAABAgME/9oACAEDEAAAAAAAAAAAAAAAC1kAAAAAAAANerWeHIAAAAAAAKsdPX0zy8uAAAAAAAC9uzHN6ezPl88AAAAAAAX2ddJluufj5AAAAAAAHq77trnpOPjkAAAAAAAvbv13biWZ83CIAAAAAAC636O1Cc+HCIAAAAAABe/q3UsY83BEAAAAAADXo9GrakZ8/HMkAAAAAAOnp6attJJnHPjhkAAAAADfr3q0Z58s3vWePLOQAAAAA16O+rR5+G5nm9fWZz5+cAAAAAL279Gbuzz82Vx09cmc+fkAAAAAa9PbDWZ148e3XZy8vssZzw4gAAAAXr3btTlvpaSY2Zkx5cgAAAAvfe9UZvUEgkmfNjIAAAAa73d1TLsWIJEz5sYAAAADfbWraZ10oEJJjzM4AAAAHTpvTVjHTpRYJE8/G74QAAAA6b6XQme21VBI5eaXv5sAAAAGu29LEnoqlREx5ct9/NyAAAANdN7pI9FUCOflyvovm5wAAABemdddMt9ykWOHnh178uGcgAAALa1bXfqCM8+GB19DyxyAAAANW0OnTtZy55zgL19Dhx1vzwAAABqqovT0Xzcshdd+s5ed2eaAAACK6ayFV09FzzxGt71OHCde3LhkAAARXTtyyWld+8AmeHFv0OHLIAAAhb6scwmjfp1YmccsZb9LlyzgAAART0deEIo9Ouec5mR27uXGuIAAABr1uWAHT0Y5ZyXrvblwejHmgAAAB6etmbywL6N1AuePLXdOHEAAAA36tWs+Yh13ukzjlOvdJ5+WQAAAF9HXVJww6a441dXEa79WWfLmZAAAAvT1NKZbOXLEuum90k4cXTjkAAADr6rbQVEUBMeXPXvx88AAAB39NtBQQAz5M79THn4gAABfT3WhQEAeXn171nl5sgAAC+ntdFAEATh21Yzz8+MgAAD2dLooBBFUCPNyvEAAAvs3bSgIgaATHkvfhxAAAX2btpQERSrAnld3HzQAAC+zdtFAQLRA57Z5+XAAAD2dLaKKRFKEEHHhzyAAC+nrq0UUgFCAkw8/AAADv6NWhShCgQE83L0vJgAAHX1aVSlAAIGfJma9XHygAA1692qKoABBPLx7a4+jXjwAAF9PXSqUoABDj5F9jHTz+YAAHb0atKoFAEHDhJ09KY58cAADt33aKoKAQcM+mYmib5+blAALfTvVoqgoCHPxvb1kzEcs8sQAFu+3TVCqBQQ8fJ29kiTHDepx5wAGrvr1pSqAqUnmxh7dRJLuTHDhABbbrp10LSgC1WZjQk1eE1rPl5gC1dN73qmigFqiSRM448zVvGAFq0t1rerdUBRpUkknDhAJkAtVSru3fW0hTm6apJJjy8wEyAWqKt1b061YpZjeqEmeXn5gJkAqirbq631oosmwExx80IozAC0La1rXTehSojSOe7z8/NkCMgFUppdXvuijWefSyJhvn58kgSQAVSml333QpcNyIzz6ceIMkZAClC6dPRqgVnREk5XlyUQkgAFUpe3e1QXOkSScZyyFSQAApSnftdAVz6pJJjljBAQAAFUrr6LShjj6kkmeEwkEAAAFKu/RpRWfNn16kmeWcRIAAAAKrXbpoqZ4YvXaZ5zMhAAAAAqtdOmiYzjN0SSRAAAAACqutCTMAkAAAAAApVq5IIIAAD//xAA4EAACAgAEBAUEAQMEAgEFAAAAAQIRAxAgIRIwMUEEE0BQUSIyYGFxFFKBIzNCYkORsXBygKHx/9oACAEBAAE/AfXL8xX4s/8A8aL/ADBtFo4i/wAsY8lnYvyqTpWJp61+Uyjaow7jNxeqy/yK8r02YkV966oWffNZL8cbLLL12WNnQWTWlCf42xlll6bLLyYs6KzWS/GsTaNl7ll5WWWXlZZZxEcr/IsXBnHfD6fHwLF+RNPoxS+Syyyyyy84vLvprNZynGPVkvFw7Ifipt2qP6vFXUw/EQl12f4pi+HUt49T6oPfqLE+UKWwpchClY8rHktEsTgV9SficR/aqG33eaYvgwseWH+0QxIzWz/E54cZr6kYnh5w/azUmKfyLUmJ6rLycbRiYL+R/wAZVn2FJp2nuYXiFLaWz/C2Jqsr09CeDCZLws103Kae6FB1aISd761KhSvOy8rFIspGJgJ9CUHF00NFCi+yO7WeH4icNnuiGJCa2f4VjNw3TF4uZ/Vy+D+rfwLxf6P6pD8UR8Z8oj4mB/UQ+SeJgyXVEfKr6WNa6YrQnpvJMUizFwr3IeGnIh4XDXXcSS6JHisHhlxrpowsV4cr7EZRkri/wlpPZkvCrsyXh5LpuLAmx4EkQ8NOX6P6Wd7j8HLsx+FxUeTP4PLl8H1RMPF+TYo4GLDYsM8tHCikSXdaWXlZYmXm4qSp9GYkHhz4dGHiyw3a/wD6QmpxtfhErW6FJSfUpDmhNPvppJjnGyUsOWzoeDH/AIiw9kKCKzbL5VliYmWLLxeHxR4l20WYWK8Od9hNNJro/wAInhu7j1Kxf8HAxtx/RLGkRx5Lruj+pHj4jPPxf7ipyMPB7sUUtDY+enluKRsY+D5cv+r0+Fx6+h/hErS2POSY/ER+DzcNrex4sF9qHi/o3bNzDwWyMElqfJeq8kxFZOpLhktifhpLeO6GmtHhvEX9E/wjEwFPddScJRdNFMoohG2Qwd7YlqfLZed5IQnlRRTQ+CW0kjE8L3gxp5UYHie0/wD3+DtjUX2JxjTVDw5EMKyGEo8hj5TY5IU0Oao8wWIJlkWJ6KK7oxcLj/8Au/8AkcXG01k2qVdTB8RLDf8A1IyUlae34M0jhQ0hJdvQNnEPEHjMc2NljeabFibEJoi9VE8JSRPAcd88DHeE/wBCkpK09vweXWK/fKepsnijk2XnRws4WcLKysTMOX7E9dGN4dPdEouLywMd4T/Qmmk10f4N3vn0YkmMojhtiwkeXE2Q5jkcReiMmmYbtcijFwVJE4OD3y8G3wSX4LJ7MXRegmrPKEojxIDxkPGbRxPk4Mts71zhGS3P6OXZmFhLDjX4LLdpapYkI9WPxUfhn9U/7ReJ/QsaD76myUkh4si3nQot9hYMjymLCPLHhocHngPehctPen+CMW85PtonjRiN42J/AsD+5nkQPJh8DwIDwH2Ypzw2QxYz/nNukSxhybyojhtiwBYKFGihooocRonDvlhupEXavmJ9El+BzdJsw1ssm0t2SxZYn0x6EMFLrrcU+qJ4LW8TDxe0hmLPJIjgtkcKKRwiWhrJjYxkoiMJ/SJ8tuiEuGXC+j6fgWM9kvliG0lbHxY0v+pGKiqXKxsP/kiE3XCSw2xYLI4SXUSK1tjebQ0eWQWws1yGjF+xP4MHE4lXf8Bk7xa+ERWw7xZUvtQopKly2TXBIjuk8q5LzoooURLm4t0Rk0Yc+Nfv35jE3xOXyybbqC7kYqKpcuijxEfpswXtXJY83nXPaH1ZhYjiyElNJr31knUWKqtdDCTrifOxFcWYP3clj0pFa1yGS+9ie5gT4Z0+/v2L9khJcEEu4udLoYa+sXIelabzXJZjRqYizDlxQT99x3/pswU3/wCueyH+4LW9C1sVi5eM/wDUkLpl4XEp8PZ+++I6Jfsw1UVz30MNfWxamPQtbE9F61VmJ98v5ysw3U4v9kX708sXfFilp7ctmH98hanpS0XoovlTjJxdI/WaIvZMT95YyG+M36B9DC6yFpY9C1t5PlNrcePPi2ew3vZeeF9kSEt695ZJ7M8P0k/QT+1/wYPQWlsfNorbkWY01VLrqw/sj/GS6e8MxnUDA+z0GM6gzDT4VpsfKaKzeu8pyUU2Nt6URVJLLBl1i+3vDMb/AIr9mF9i5l71o8Q3SRHZC0vXetmxWa0Y93WqCuSWfHwY0X7wpXf6ZL71/DMP7FzK3sWeJbxEhVpfoO+S0zxXF7DlxddFZYC3sQzGfQwJXhr593qSxMSS+egmpSb/AEYf2LmPRf1ti0Mb9Cs7LMTEro+RhRqOeN1R4Wf18Pu9U5EFvKiElvHvb5d6JbJswurYi83lXPs/ebJ4i7D14cbkLJmJK5sg6kn+/d2R6P8Ak8tScv56jxJYbqe6+SMlLdPksWeM/oZhrY7Z3pXNaRsWNmJifHIow40lnJ1Z3ywJcWH7tIi9hf7lfKPEr6bFJp7EfEPuRxYPvy8Z21EXJWp7F6aJCsckiWI5cnCh3FlZiz+ms/CP7l7sx4K6x6l7xfw9yUVJUycHCVMjFtn9PHhXyVjYf7RHHXcTTFkxZsf1TsS5ncb+Mr1WWu5PGXYbb35OHCxLNsnK3n4Xq/dn0Iu4pmKmk5Ig7imThGXVEMGMc5YcZdUPAa+2Rx4sPuiRx4stdhZzdRZh92I7egvNySJYyHNvlRi5MiqWVlmJKk60eGWzYvdZOkyH+2hq1RgunKGuiWFB9jyJf8ZF40e1ix/7lQsWD7mNJcJHoLkvJiyQ8nJLuPHQ8aTG3y4xbIqhZylSHK3mjBX0IXuslaaOiSO5iPgxFIXTlOC+B4UPgmkpURlEXD+zh22yvJ6O+V5cUF3PNih47HiSfVjfNjBsS0WY0o1S0QVtIRH3aXXLEScoowX1i+q5TJOkYS4p2xKu2b3KyedjxYIeP8DxWxyOo+fDDEis2zEnwjy+MsCP/IQnuvdsZ8KT/Y8SPUhJ4mJfZGIuCSmv8idq+ReWPLsYUaS00PrkspK4tDTWV5XzowbIwSEtMsRIcnJ28kdiKtpEVSynKq/n3aSTW55UbaoikuiJJNUzCdPgfbkydKxLjnYtTGJl5OJLD+BxfIrUsOTIYUIq5bs33FodonPhG23pwId88Z/SYb+iL/XurMT6ptIw5t7NbrLGi/vXVEJqavkY8u1mFGlyeghZUOI8NDwjgZTK08LFhsWEKC5E50tyTvThwcn+hZ48t6PCu8P3WWybIr/9ko3uuvYhLiinlL/SnxL7WJpq1psxcRRRhRcpW+VV66KGjhOBHAvg4EcKOE4RIorVOfCSk5O3pjFydCSSrJEnSJS4nZ4R7yXurWxw1l9sr7PJpNUxqWC9vtIzUu+dk8RREniyIxSVaU9Ul3QtDy7ZVlRW+hG58F5tksX4HpSMOHCis8aX0i6Ndzwv3/492mspR4k0YcrW/VdcmuxPBa3gzzsSPVH9R/1HjSZHClLqRiorbSzCf1yWjEnKMjDnxLJp2LJj5T6ZWNl5TmkObffUjCw666GycuKTLPDf7q/j3ZjyncXxr/InavNpHlQ+BYcV208Suixif+rolBSElFUllIT1LkWNiWzZLEVjm/nkYeFW704s9qQsvCr/AFP8e7NElnF+XLhfR9OVjp9ULFmuxLGbRgxd3qvJ9eWmb9Rv5HiRHis4nyEYeFW765LPElSG23eSPCrZy93xF3HlOPFGjDnf0v7lycRXFmF9UaZ5UCtU5TUyLbSZL5zeMk+gpJqzcobS7oc4/J5sf2PFXZEsZv4R5k/kt/PKhhubI4aiLROdIlLiecY8TSMNUkl0QvdmhrfOcG/qX3Ihi3s+vIZhbTa5FL4ya2YsvLi5WyeI1JpdBzk+5b56TZDB+RKummctiUm9GDHhj+2Ijuvd8RaMTDUv5FiTg6mRnGXR6mQ/3dbxZKQnavN9RFk4cW44yXbnKEiOF8iitNk50Sm5aMLDvd9BCFKv49RRRWVFFepkth6GiWD/AGujjxcP7kLHgzjj8nGvk82PyTxlWxgx/wCT1ywoyYlXTOYtDgmeSjyjypDi++nhkLDYsJCgvgrXKdEpN6MPCcv4ELPBxfq8uX+Pd5x0vJwi+qPJj8nkR/uPIj8iwoL5ElXLkJl8jhXwcMfg4UJLQr1NksShvRDCb3fTNZ4//Fr5PDY3mx3+5e7TWw+VQuQx4klIT2G9hMTFy6KNtNkpksXfYbt5pNmHh1u+uhCyxvtZCbhLij1MLEjiw4l7tNb6HyJN1sRkpK9coJ9ToYj2LYpCZxFl5XqYs7GzjJT2G29EYSl0RCCjqWWN9mXh8fyp/p9fdpKxj5cotPij/lEZKXIxB9c+JnGKYmWWWJl5WjiRxHGcdDxC3phg/wB3/oSrZcnHaqskeDxv/G/8e7Yi5L0OG9rZinvU1WqUkiu5LCvoNU602ziYps4xSOI4xvY4xz+DfVGEpdCOHGP88qzFdyzTadrqjAxfNw0+/f2eyyyyyyyyyyyyyx9BrmtJ9UcMl9r/AMM83+5NCnH5Rxr5Q8W9okcN9ZdSsnFPsSwf7RprryYyp2yc3Ktai30RHAXWRXLnKk2N7iyR4TEcMVfDF7NTKZTKy3N89zfK2WyxrlVp/keFh/2nkw/Ykl0WppPqPAXZjwpLKuVT+BYMxYEe4kl05jZizt1oRgL/AFEYcu3s9ZUUUUcJwnCcJwnCcJwkh+hrkuCfY8keDJDhL4ZT+Cn8HBL4HhS+BYD+RYMRYcfj0GJKkddOBGlfyJkJ3t39zZPqP3BZtk5cT04cOJkc8PE4l+17kyXUk8r9qvU2Yk+2mMWzDjSFnNyg1OPYhiRxI2vcX0GPRZfr75j65TnpSsw8Ov5FphKWDifpkZKS4l0fuEugx57Dyv2K9Kz2G0lY3bd6Ipy6GHh0LVjK4nh8d4b/AOvuEx6NisqKNyy/U3zLG63JSbe+iGG3/BGCQlrY1TZ4XG/8b/wcRxFlll+04g9G2ujctllll671vK+e3sTm5PNRbIYSFHksxdpC67PcwmsSCkcJwnCzhZTN8rZbOI4jiLLLL9diD5daKKy3LZZZZZZZZZZeT9DiXWw0xJiwxREuXjCZ4XE4Z/zqoo4SkcJwnCcJwnCymbm5uWziOI4jiLLRZfosQejbPb1NegkcO25wHCJb8zGl2FTZ9rRhYlr0FFFHCcKOE4DgOE4ThZTKZub8+Y9Fc2ud2N/QNCRWtarMSVyYuhZ4eX0f5Iyv1lFc+XUfNrS+cnzV6LElUXo8MtpMi6Yn7UyXXm7aq9Yl6HFnxS26DVLsLqmNuTMKPDFLKD9qY+o9O+mtT0Vnvyd/XY2JWyF8l5YWH8izw53t39pfQei83oo3yrS/a8SfCh/LySb6IhhV1EtEpOH1LsRkpRTXf2h9Bjzrkb6L01orW0Ln3zWYr+o3IYbZGCSEtM+jPCYm7w//AF7Qx6dizbXWqjcrlP1rHhyciOFQlrl0Izana+SE1OCkvZ2SHq2y3y31bG3OfX1yXJxGkhdTwc/uh7OyXUerbkWb8utNei7eksx5b1lgz4cSL/Yn7PiddNFFZb6Ns9vQd+d21LR15zMSL4ugsOVGHhK0zDfs+J1HnvyN9VFaryr0a9S0KIkRe/s+Ih576N9VMv0K1VrXK78+WNFMw8bilVZpkH7NPoPK86fJs2yrnL2OxvuYmLfTplF1uQlxK806E7Xsr6DyvLc3y3N+VvleWxtqoa2P49hvPExG20ntowp8L/Qs4S9mnlenfNZbarz2Nj/Gms129hZPFlew8VuH/wAl6LMCdqskIi7XsuIsmb8pZbZbl57cmhei785mLiUqE9xHlurWTTWcW4u0J2rWSIPf2WfTJ6N8r5lFZb67P1n21VyXzWxvYm7eSdGHJWeXv0JYfF/I011z8PPbhzRF7eyPoSGb6LLNte+l69yvQ99XbksZiSbeVZ4c1Jb9cpQUkPBkssOXDNPNEH7LiLPcssvLbLfU86Kz3y3y3ybou9Ncx81k5Unqi+F2J3lROCY4SRgu4ZoT9kxFtqvLbJXr212XleVD1UPkvnMxHvk386cGX/H/ANG+VHCJVmhYiWzYvY30HlRubl6N8qK5G5uWWXnea6ZLvyemrtpvTZZJktCz6EJccb5GN9tkcXEjujD8Qpfds/YmMay3N+VWe5vneq8/jPvkuZ2zXIbGxpfB5Z5bOFlPRgSqdfPIe6oUUUiMqE/YGPqPPc3L0b6d++haLzoooS2Fork9sr5s5pCnvuUJFHCcPYcV8HlcXYeCvkhgtO+YpClfsE+uTWjvytstyy89sts75/Y7cyyc6HK3lhStULRWSSK35qZGXr5rJ81m2vYopZ91rvW9K5DJyJSvOLpkWmtO2m+Ra+TzI/J5q+ULEj/cQl65koiHo35u3J3zvUtFc1sxJacGXVaayXJniKI8Vsts3FuSj+xTlF7MwfEJ7S9cxx9JRWnbKt8vjVei8rL0rQybG9MXTIuxc2TMSVsrKn8FMqRTywfEcO0hNNWvXNel/wA5V+xie+V5PWy8135cmTlb14L7Z3y8bsXTN5MUV8CizgOA8s4Dh/Rh4ksN/ohNTVr1rH6DbOstyihdTuvQ3vrZidBp64OpIRWS5NmNexDD7sUSis6KOEeGiLnhu0QxFiK161or0NFaUi861WXl2zXU78llHChwXwPCOBjvPDf0rmWNWxLlURvDna6F+tY3Qnfo98k10G+VWa099TemsuEeEjyWQjSo7c9tLqedH9kZxl35GG+3rGMkzioUvSIefY7nTk3vyW9dc+yxZWTnxM43FcKZYpMWLNdxeIl8Cx4/FCnF98119Y0MeakKS9BWVb5bae/I78hsvNclvJa7GyxzSPOXwTxGxZMWjcjjSj3IY8X1ERfq2xjQ4lFlik0LEONHEvT0dxdOWxvms7chjY8QsvJZPRRZtlDElHozCxVNfsXqm8mhjGjhK0KxcRv6SzsLoLlSfp2TfLorP/BCTi+JGHNSSa9S82xlFFHCxYbPLPLRwoooYziOI4kcRZeVFZ98++TysXUejtpbG/TyZJ78jbJUNbdS8rNxHhZ0+F+oY9FM4ThOEorKis2SHosUmLpmsqzbG81ymYkiyyyyy9d5XyGTY+XYmU9C2MKfHBP1DWVHDuVymMlqhVi6ZrkIXXJ5fGpmJ1zoooo31WXyWSGuVYii3RsNbH6F0PCtp18+prmsY9UOotXbQnl3GPods1k8mPrkkJCicJwnCcJwnCUVy2PqNCyrlJiO5sRdPfoQkrE9vZWMeqHXR2y/WnuPQtbGISEhIrRWVDRRXJkPqJj681M+43E+ll78RhP6F7Kxj1R66K1PPtktHfRI7iQkJcmiiiitTJvl3WVl5rtlZF7nh3/p/wCfZWPJj0YfXOuR20d8mPTI7iFza1MZN+hWaPCv6H/Psr0PRDOx6kWdzvky9jsdtMhdRCJSUTjlLoiMX3FoWlrXNj515LpYsuwmeDf3L22C213pZ2zWpkiKESk+kSMG+ooiXJbHj1KnqZiPU1z0eF+//HtiQumb1dtKO/IkIlL/AIohAS5bRjQbRgTtcOlk+uuuYs/CP/U/x7TWaWu9C782RdIw492JaWLXJEf9PFFoxHlRWqjhKedFall4X/eXtdCJCWTrN5PQ+UyTI/VIS0vJsvbO82Yy7mG/ojmyb3Eihrk8KHA4WUJ1lRTN/gp/sWHiP/izw2DKD4pe1UVpSXo2TMJbC03vms6zZjL6TAf+nniOsoxOEaKK5SSKRSKRRRHqL2qiitDFyn15LJdSKFz8b7Tw/wBuTZN2RRGJQ0UNDRXIWqJH2+2fvlM7cmR3Fos/ZWjtm88b7TA+xZTllhxEihooocRorUtaI9PbGPJ2d9T6HY7HblyI9RaGLceVZdzvoZjPajDVQRJ5RiRWdFFFDiOJRRRRQlrRDp7YxjEd3p7M7ZrLvyGSIC078psl9U0dhuxIjErTRRwjiOJwlFFFZ0UUJCiR9sY8++hHyI7nfLvk9bJsgLPajuuXOSSMJfVxDYkQiJa6KKGjhHE4SiiijhOE4ThK9teTO2panyGTZDoIWTrltmI7dIiqSQiERLl0UUUUUUJFFFFFe2sYxdTvktdD5DJsb3MPoIXMZiT2ILe8oxEudRRRRRXuTJHc7nfkvksxJZYTyReqtM8SjeTsSIoivQ0UV7myQ1uPqskLJHdndDGM7a2YkhvLDe5F7ZrkymcNvcSEiEfwdjHmu+a7nfN5djsdtMpInLfJISog+TY5Ic8khRIwEvwdjGskLJdyuoqs75PXZPEocmyiGC5HkpIlEVoUhPRZY5HE8qFEjAUSvwhjyZ2ySFVZdzudyih52ORKTGrFhkMEjCholAcSsrLZxMtlMo4ThFAUBR/CnlWUizsULoLvqschyZuzhFAjhiiVk0OB5Z5Z5Z5Z5ZwHAcAoHCKJX4ZQ0NDRKJbRxlotHEjjRxqjzDjZbKOEUBYYoCWmijhOE4ThOE4ThKKKK/DaKGhxJQJQKZTypnCKBwiiKAoCiJaaKK/G6KGhwHhjwjyjyzyzgOAUDhEiv/pR/8QAJxABAQEBAQACAgIDAQEBAQEBAQARECEgMTBBUWFAcYFQkaGxwfH/2gAIAQEAAT8QevwZI4HGyzjZBMFnxyyfkO58c6WfjettlncveF7Z3z4FnWLen4T47LLEvBnucbJ3nvEsss+L+DLPi/hb8N7kc23mxzeZxzi93pxflkbNlkHD5nE4RvMsk+De8yyxsss5ljLbb1lny34PH8bDxvfkWye/iyO78U/F5MfHLO58izi9ebbxJ5vPJttt5vNtPgxMvffjlnX5Z8M4XmT+DO7DLbEnd+Wd3mTxXm923mvAs4t7w23mS8CN5nMZ+TzCz4ZZZJBPMnJlh+Db3bbfkb8Nl+OQWWWWfF+BZYcXmcWPn7w2YOncsgs4Nt5ZzIPglnPfl7zCYmz4Zw+K9Z5nwbOvzzquzuRj7thhl5sMyxx+ec3qfDLIs+OWR8M+JHwenN+B3fjp8HmfP3m2/Btn57+D3hMsJsMln2BA2EhGH453OJBZZwvOEhHxPgfg2OPPe7b8Bt5nT8Tb3fgLK82WY42zM/DLOPCYs5lkEtspS+QLfYSOAxBPx2Y5vNt6fJIGCy1iXhvxyzmefByyzhzLIOFlny3gcSz4JJe/DLJLLzJLLZfhtsts8Czvlhe/AqC6TktkNsMoYZnbOk28eJ8As+Rxsssss+GWfACyJvOgfI45HDLybz4vNtl+eScZt4298+Q22ksJaWnEs7bFkz4SwIRCDD8cifwBzfwbbzPiNsfN4fgPm/gzjtvNtt5stsvwSzmPM+DCysvGwoW222xbjwhKbeyMmT2eDJQmfBe5Z+Q+GWTsWfM4fM+PtkcPi/B/CwHXm9z8C/CxvCP5hIbbbYb7RATIBZwqsjZhIxkPQO/By23m9Obbb3Ig+GczufE+ZwvPwHCfwvNltnh8HOH3CW8Zjm8eNmRsvkDD7wZXLQ9BnITh4WltWcUMvg9OZZ884MPw38GcB+L06EfA4Z834PcdnPgS2/PJLGxssePW/wBH7hH8hNG8MBhxh8AnRObwq3YZmwzNUkYGwDgMLDb8dh57JZ8k+OWfDPi/POAdLLLI/JnH8K9zm8zpNvN6EhkSsv3f3j+F9naDYj9SocphWOFhINl0vYOMOwlnvCY8UWkDucL90Wxwz63m/wD+KG2354wTw+fltsPM+IcyOBB8i9/A5bx29+eSdfiPVtt5vx3/ACv1AkVYT1GspDewWSSSRs3AuwAsc8HMgiXDPHwz3a33ifU0Z4H/ABtNyG35P4mOEb32CwssOJwPxvM6vwfgtvNttfh5nQnmWc3hx7nv+n8XuG/yEjCkP6jXPEhbcZSWUtlGFOGMJ9Qw2IGXkTEU0+kzDMZYpNTGHSEZ5ICb8v5P57vyzj+DILObwvd+RD8N5vyz4bbbxebbOdThvFtltt4vx1sjWwpEEt4tv7S7+v7LbcVykL9h5+oWR9ylsstpxlEObjKvpsOtogWBKF7o9toLBy0kmBgrsaN9JclR+M5t5ttvNttj4b8Mjeb+Rn4tvyZtt5llllvwziQr977gBLfQion3W3XzZDa/tkfrvvkeB9/qRnZWb2BhC2WrO2sKQqWUvqUZFif76/pT+W9P3vr1/wAi/Z77htIIPf2L3Y/I/EOZHDrw4fHyeh8n4s/43l5INu2Tdr70yf8A5kfph5sZyX6m9fXev3k+wSfMro+50yhYuIEcj3gO6l/S9WxAcDpgWw+X/L3YTYx8v/sc/UP/AP8AzY6fHOsXt78A5732xveHzObbx+a8Ti2292Hpz35tlkZvMQG030eoxfuLSQX7j6CD9if2TKmfBBCyUglSvCbZ4QsJYQ9QiOKf2c75wmeer7L3SD8HvPOuxwDJI34Hc5nyOv4nG949Sen4Ftt+KzvpCWP5EYbsh56+y+geP9Xp7j/Wf+8v0blHs/8Aw+oyCAs4KW2Z4ySwk8FG2HI4eE/cKP5J9D36Gx4cN7+P02+/M+L+Ess/Dn4XuxxbevMe+cYk67xh+CE/3ksQq40oJ/8ASVg+KDV6nAAE896WetvGEOWzJpC8DjzRIyxm/QrfjQ9EjCX2Ycp7+md/Bvcsi86dPjvyevwznvwz4EkHN7trZ8XjZbHNk0nXwmsEla4f6GzkAczuylnPg9CSEYbeY3iJcj2xOm0aRBW/u8vafxAfY3IR7Ym/+qInnyy94fFiPwZG/k2W2XjLb8Hbbflr+ICyzmF9iGVguwF8zIXfuVgmy2GZZS4884nNmCE8BIGJgX7gdgXmSG2P0MHv6/8AxGMBh8ZmbB9/w2Yff4R/cvwD0PgcPwvM4/FtmC845PxPl5+XOoPF/TDPqEQOq2wyyzOTaSwSWE4IDhW/ci2skS2HCE+RHqQ8Bt4EkhL01vD2RGb2Pr+yK7lb8D4ZHwOb8z4udZ+Dx6nPO58fO7b+bCSa/wAiJzDm9Z4d4zsMEW4Sn3amxh83nKIeGGFPIT0YLZJCQs5BJ2/lL+y92vo5nNvLIyPhnQ/I8enw29778Ntss7nwD458TrxYx/q57I8b3itpJZIXnHxEJKwmd4mkKEPri7Lb+rTZTbWJWbDDFtklkxN57YwSIzk/Q+XsczofgPjkFkHx2Z5s8Xm22z177bD3LJ/My2SRYMl8hgs5s5ZI58FdmV282PD8jHmNlMy/vtVn64bwhhLYQwxCLBjdnmKM6eaX7nV9/AFnM7nxNveb8X5MvG2zmy/Jj8G9yyPjvHM5gSJbbQInx/5enKNPZ/LGSOZ1vc4EziWfuVstX08x/XFbMojSMPscbyGGGLX4o23BnwOG897nMgs4dz478myySz4hzzmXn4csPw5MvJv6h4RkrOy+fb/ELgZN4MfqM6s8Mj+17Tf+39BwpHtfYdQTLy/zziPDgYqeAJZPGczBBh4MJzyzjlmNiaH828zpHwD4H4Fl4/BeNtt5+Lfn7+P3qw2If/f/AO2Qmk19P8r3/bYBZIZxzbGB+y//AJNNv1f3YyT6l1kXk/UoCWIXnEWwIJEEmOk43hnYEIkJEPWGSZspL/cv9PhnDhzbYmCz5s/Vs/B5n4fe5PD8Dwss+BxlmR7sHLQGBLAeQINncfluY/7kQz16RfrCxAWeQNlksAQSScNb02NEQ8H3FstsLYLExf2mCa8MR0+IWfE4/jWd7vxYn5Pxz4DefLJmA4MR/Svu/vkjLDgE2XkhZBeiS2UZYWyQgg6ymSneIlPRgWZwIIj4+yOWj8nPPGLX6H3Z0PgcM5vTrxZbePy8t47+J4xzbbeKd8vO+8JSifrYf/L6EvpehM5nAmCxkePtKj+M7I2Rtt7FpbKUsHDBBgILYxh4GMB3PLZZid/1DP2e9u15Ze9yzhe897s5PGcieu/H34gWWdPgxvMs49yz8Akf1aj9DWYv2SzkLJZZzNYITixYv+p5mHSI4vs3ssnJQRMHD6SQuQO8GOFNsc5sHd5ef9thH/XfBl7x/CsssvNPhsv5M6vCct5vG1PmxbMs8/1TvAVAACzhvUsY23g8LWssnDjsE8ZZtjZHBEBMucbCBIhFhtlSUhgJhsVg/cD/AFn7j2985nyLyerxeL8Vt75+IPice51s+GfDJmYn2f4wcHmc221jmQW8+kFcEtbeBKSyJgeCCCAmXzghj2FjDpa2ywEhCbMCtv8A1XrDOknu34mWWPz8nj8W95ny95nyzgR+DLPwLM1/nTHW3sWyTzIHb3ZteEMml6CGDgzKXnCN5BhJWBnNsjpBl5DCZatm3jltt78In+9QtjL+iJuZ8U+DbbbLzbfm/PPjnPPxZZe/jNrGZklnMP2vcl57wliyMlbYxlgHDjL4A8MsiQdZWx4hLzm+RxZZYH28k9mIWzbf+lAn4Gzq8eL8nnknX4hPQmLyyD4bb+E6D+rgw7sFrYW2xktvw0KKwjqwy+AhwG8ydLdIzeC3ptYeDCba8SYQo2sIjH04Okt/12Gn7758N4vW2beed85vyfnnzyz4Z8/fgyb+r3+w8Yffg7wttnODBLP6YlXn22MlJeEEojWCGMyOKpbCWAySkgTVPY2GRYHJ8lkZA3erbeEGk9/sj4j/ABLQ/HebxtnLZvYJO+dPxjbP4nnv4Hh0ilXu22yc3iBzyCGf+5Eom2WYmIjYGCJksSDyNSdbjOJDhDjG2tpl4kV14ZwW9N/VxO5eP3vf/Hm22/LPl71+Te/izuWWXtvQ/F9mSv8AJP8A+ub3IZy1tveZZxMGbFpI/lMgCTkBZMyODBDaWsxYdZtkgNgDCiMMDlmlrG0lDiB+he7azAMHFAMl8v6T9NpPd+Sfl8/EHMg/Cfhbw/2hZf6UhgxzOpbYZHEnHwDiKGZxcJlMRDkpDLpYZCBDlkwspLKE1kxoRoyT6WYrrYmPGFPkT3E3/uP36PHrt78ffi5+Z+I/4G/FI/RP3/SJv1Xv/SUhtsjiHBhtkQFsuFp3bkXJGIlBPCHeGxbDpZkNls4kBPD4wwMmZc9LWG0y93igX2wFBLhZrJL6finw38Gfkz8Wdz4NvD5ZR/LAW2/QKbYhnGRltL3YeB1iZn9BDVQzgby1JEDW0gsUsTjxyA2QDiygTcxiQMkYRntvX3zGHvk/9RGGXkf9SX+Ngibz35ZZ3LLOL8zufN3ufhz8P3n/ANI63RPH8Nh2X6INgthtnZxgIkkwQjMmxhihkESGY7svscWMesNpaZe3ucTpPvAZMyIISvk1W3ixwSEsFifCXT+pRVjOO/Z49fxL1LLPx50nnv5M+G9EX8P3JF+kaj+Noofy4uYbemXtsxgcWC46wxZ+5PLJthghCRY5I5ZrahF1nCbHI8ST9SRGaxufRbwb2OZGRZuAETgsl/OMhvH8Mv4N+G/E4cct/Pn4DYBkq3H7hEP7iaUAJT7gfuYDfPLCeYy4uPM4pf6UQQWYWT5KBLAxL5GBDYsEIs6YDIeKJazgkjZkyO6t57ZKx3fEEOMhEX+riJZJx/JnwfwZEz+HPxHyik/7gR3C5tJ+QSQ1u7lbc0vDfLQiMtMh8kR9+RUpqWwfLfJyfdsgOZMIFrkGsrsJlsReCesUSfkImPrm9DmDgceGZjwscLD+xLT/ABt/Cnz2PmcJ+BK/qOSX7BIh+vg3nMJG+xJ2tfog7ixnyAye7FCSwh8htZDLUZXYGX28F6kMJyhDW15OBD+z9I2e88lP3ZbecbOBG5ZzRJIYI8IkYmYt4I/vl8s/OFnzfnn5DnnMv9GQf0xwv65+5DrhbxbLY2RkvpZRcG9L+02z+n/Lb6DfRKyFS9NsLHjLsBJmgQb0y9z2/XvbhH7ht9jJ+HtvDjPtmQQeTMV6h37h84Mn95HAl7nzfx5YWdz4knfOZ8M+GWWfg3ngSmyI91lyT5sZewTe2WsiloI2W/ZEA8BJFs+zFBkwKwyD2W/lsXxxltqC02STmxbbrb8NIFgfuxIgYRBkhxPWGsMhkC89f8lIfPf8jI+Wx+DPlkGH/COOr9QQ3+jQAEM2/Fj9RZ/eH+c3vGYx9SDgeWATUJ+ksjISYW2icHH2U6fAZ/68i/5YBgAiUyXyJmCbtvBHsMiNsr39IR/8Jt5kfkyOZAQL/Ww+Q79Blb7vpzej8PaTfvEMtiJ2dywkMZI1YMSWrsE+2YcJGF2cEsGZnWNW/X3/ACwSp8BD22C8GH2fuAW6ejzA3eQxAP7tv53WWcyzuf4D89t4cfhnfZPmZCjH+Z3z/wDybLxaziX/AEidhctlmW+szPfpgsvbbFLfJkEnVDYeSE+oEkSH0yMg2p2Fy1SxhP0yL+S/rQZ5sDBEGzkAs/8AV8JXI7x2Nv4HABAWSI/rsuH8P+KWdyyzpMlllnMmPnjzLLLLJyAK/T6bB9B9UP0D9JJF/wBwfDQtoT0B0EbLDbGy6T9cScgRyMSd2RWyQkZeiGQn1f0SLD+GCPqUNs4A2xvkfUItpLbAPvG1BLa89iIjQh4dIU/tYf1d+aw/4TzLPhnffwbZY2WWWWcJRO8Fn6x4v+5wvvQWn9KP8g2yCK62YS0y20yFPG2Rm0G2RIT+4zYPuUL+U6lmQHYia3qwQJTbWU6LEIaWTCVGzh9xvklYnqLF/ZECXCcxubYcm+Es7/v4c4nM/wATW3vvD8eWWWWWWWScUyKRcv4ESBNekr/8EeOt5PPPJPbmBMW9Y0ElwkjWRWRILNYce2GRi2F5bzwODIaE4ZXIA2o2j/N93FOEwQVl9XPe+n8F/QIxJ/3Kyz4lnxyyz8OfDLPllnwyyzmWWWWWNlllkRIcH/Gn+oCHukyEonf6zfhg5swXpAly6bIQT/p9dwApYMus2WCZG5AITZQlQl2EbwZ9ZGwZa/Qwixb5FVthnIsgYM/dC80yWy/YZPNk/wAXILLJLLLLLLLLLOZZZ8MsbO53LLLLLOZZZZZZZzLLLLLLLLODCyyGSaW+z48SNgstJYGUL7qzQZO1g4YPNdsttoozKZY5MKE4MpCJkqMARp8LHkGftl/QEuPq/DebZBXyL96BDgQ72gRKx/kQWWWWNllkllnMs7lllllllkllnMe5ZZzI+WWFnxyyziS/SEuELfX+JDI5P1ZZzY4NMYm5H8UAJeLxC8FvEBPIItsh2gx7siLb/B/2R9b/ALw3H6Vg9L9HCxm5T7T8R5ncp9H8xf8AMNeGrLe1uT//AMImb+VgoAssbLLLLLJLILLJLLLLJLLLLJCyz4ZZZZZY2WWWWWWWdz4Z3LQbKZ7YTP0wD+s/fxSZgJNmM5pGcH2HZT71ECEEbbO0vH4fV9u5T9vNmGeHxOoeEmbQGQGALLYTX6lf6mJb+MhaTIyyzmWWc9sssssbLGyySyyyzmWWWSWWWWWWcyyyyyyy9+G/J4IbJIxu/R/djnT+YTw+LPCyq8iWI2VJmfqzoS4zCLh3jxvvY9JLbOD3IGT+p9pj6syCHHiMgMBbbGSv6oLVv/mGWWWWWWWWWWWWWWWWWSWWNjZ8BnwAWWWWWNnc+OWWWWcz4bQ428Yk+tg+2UeLQmP4h/oyP6SP6zEV9em3t7llsIzk94J2SSF+un9Oy5GAeEkjZGB/i9vqWX+zB+oDIILbeLGeaCkkEzr5QHhKIyzX+52WWWWWWWWWWWFllllllllllncssssssskssssvLCz5bbz296jEOzJ5zNIWT44/6n9bL+apX9+oHj4nHJZXeDzlq3S8C2N2CdGQ2V+w3t4Z3+rBKbA7YBq2je98zgcirb7bOrOfTAAOYh55P0oKn9//AA9t+O/HLLLLOZZZzLO5ZZZZZZZZZCwI2yQzkhJZZIcfxkeYcNnesvbaslBxQ8y8i/bKWFnsiwQB+rWyaLNYOoCEZkRKeIeG303YFsWN6RQ9sEI/7n8Nnwyyy8+OczmWcyyz8eWfDPz5pOTJIHbEZkvwCBgp9ZZh02LBkJPRACQiDGHt+0k7YvUMQt94PkMnLW2XnSwz7X2kvF9mPs/uF89f5t5rDGSxtnqhyb0/ioiCej6flz458s/wNtttttttttLbbYwwx4YYJAsgAnPh7r/mDPP/AJbGb1mZOSX1apawDH9bQl2SMbPIMECUnKKCkhZKk2WIFbQg9sdm+/8AiAcMJdeLbEES2bwr9/8A3/j8/wAHbbbbbbbbbbbbZTOL6TxJ2Wc6N3jbTVPUR6RzyYT1kLBex6A2TCwVmfcCHsLbiZ6zCQMCZNjsHNsnMEb/AD/KXpwOC8UR/buQ42lsjPQi/wBCP+Tnwyyyyz5Zs85s2bFixYsWLFiIzBk5pNkkjkNpbjeZwXNC37sfuADAo8pHdjZhsJhjbMb7eOfa+lTvNljZLLW/YETMshRl2N2CZxGIHo79QAw4srkeEwXgQ+Ra39WSP8thbaGMf62Wn/g5+CrVjZMnt7bi2a9DXJJvJ3L2TmCyEjI6yaYNkfw/7f0T9OWMknlnlkL4me0X9bIzCSOsHMYZ8TM/WRPfUBgyW2WLDJ/UsPkN6tkGTf0bzIzJHbVt/VHmv/GyxYWLNmzYk2cs87tyo5IybL3b3mQPBnOZO22QcEEE9yS/UpP+r+yh1n+0N9JhX73hL+yIT6rB+qAHdJZWIObzIhlM46q1sZJCJ2/eNC9ef+kyBMVKDSdtt855nAdmSBJs6kDJAR3zbOI8yDOYErDefDZZfguQ22lgIhxjJ/6bYdIYZv6YAQt7n3jbQ+fd/wChtsvJ7SLTNmIZONsbwW2X3u8Tm2k8yyQhtl+AEwRHVl+AkvA8AtIRsGbcy8TjvkdCGG+yL7H9X1D/AJ/kbbbbf/N8x6wFgwlG928QE8lt59PdjHi2zZz2FneJzDjzDLy8i22es4vltstkHsSYoEYfw2sEy4TLCw/zBhwicS1/3B9djbbbbbebb/47CKSF+pSWCxIQ3iRkvNsI2VvY+7e7b3bbbbbeaQFttrzbyXCYtvM9g7wlRbpMyO8ZTIJ/lgZAMRCxL/Hnt6n1fcImno+ltttttttttttttttv4N/xmWEp3bCUvUzJX6sbYGICMlRtY1JOKltt5HG9ttttnMlhwvQttJmy2y2+XsbLDDaheCIx0xLEt0lf4hvnDPOEdAllry1/ukxZ4xxtttttttttttttttttttttttv+DjJuWy2EupL2d4jITGMGiztlYCy222lvW2+2yTZ5CLWyzDLC2yxb5Y7EekcA9X9Ajdn65Oj2A/UBDEdG0lA/2TTWA9L9/Pp/2TVzTwsvthy1CgWbMDjS22222222222223864D22QkLG1nJkTmJJIDJGyLElURqJqxMAkLhWzNYOwmTxwLbeNtsw4WQRwLP8oP6nv1H+/Z/4yAOBAxkBxOMsNIAhy/VET44sSOWZMnlfSwc7xa5DYs7yBYhLT87I3gZWSTEgE7ZMQkVkQtObbYbISMjlhZBOXkZEBZG8NkY9WNjsxkpzbZ65kEEhkFIDj17A+/4YEhAgsvds558GUTF9hC+j6dIA/v8APliRYkTSejd58aG/mqZMWUF5IpCkkWDWxmFtLCdm0ySZiF7I5GycyMvNvL1bC8vSNFl7ts26cNiMiBgk2GAkEnNC0Hij7ZOEsiOg2P0kf9IQ/wALfwZYWLH5k0nFfZwWRs5hZZpJepYbMV2csLAlezu3skE5KWvDeZO5Bfplnm2+RP1HmwhBBB282AWT2AIBY29yz2eb3dLTix/zpyF+p3ZD+RhLAJ/5SwvsnJLC29Z3hk6MkhK5AmSe4SNgnZJ4lnNdgnee5ZG/At8g4EGMbBEg2YzkFgMptoN7CN7swRl4WYWst4XgX79SSGz/AJ4IJYuMZ/5P0vulasjJbKGW8kckUmKlpt5O5xCzkgTHHt9p3ntreyPHdhDbDw42WRAwQQO2cDAlbdjJyAGM2yy3G3jsrAP3fuMUlkY7cRK7B/5MeR+ycyZtoMjfqAmHhn2QP5nT6hbSMhxveI5I2cePG8WBsbIPL2AWIsL0YHYIzm4X2QJFgnPZm02wh4sSS9jRJSDWwCPqHmb7K/8AxvoTH/kHZ9rG2uSLAnLbdZCxHmOX2mNH7vRnxLrGLebIfzassNscgb98zmMF5AwwttmLIDINb3YLyCCMCMgbaRa7HGOMWE2rd/wSIlfe4M4MQH/VGIf7/wDI7Cwsps3u2WxgxxsY2RjZCEliMs5sJBeNk/lCniewTu2SWTa5ikB8CCxgsgiHL6ScvJ8tV55FoPD6vEtkb0ZLv42IGHEB5sRbIn1ITRfuE/8AIDFgx5wnAhFiJAJyTF6cQjZEbUWwRZD+bPfuBT9QQElkj/Ta2K2N4SGa8IJNYj4kInEkOLoWtpZ5O7bKLKNhHEOAe2GQYxq2kW2ziXr9be6f7P8Ax/pHI/JnWBJCAn7WSpL/ADBKtpGpM2Z79WGzYh97a5ep5G5Aztn8yCJGxZCRBxLzIsYHIIiS8yAyOI5ZpYsxyC+yPSyLDuKXmQaQYzAW4xvBnBayaez/AMfAT/xxkd2UvbG/2hL9wLPLdWiWkqJbPdlSGObZJ/dmEDYrJY5Y2v8AEusjewl50mknljEEFkBzMm/V7CAh0theNxjISzFjnHBl4s7nCV+JHlS4JnuXjn/jMN4LarZAks1sZHgF6bQJ/q1/cY8+kc+2+zGyJLHPJQI9sRnVgWNY2LXYyxn7nUj6j6h0sLaxBjb7b7ODJJrwTY1L3JLxb3IhxhLby3gkyLBkRZCET/xvKE7e2zFgbG8F7KNj/MKPs4t6SslJNJH+bMZUOY3nFWHqWyLBH2Ayx4HGZbb5wLQGRHExsdtmZSLyYbDjzXI5iFhlvvNM4raZ7fzaLZj+Js4On5vf8gbDK5KjcsYgGx/i9tH7kvYzeIkUikqRIfP3bba28UlLTZ2/5KhLSzyyAhb3eE5kGkLEFg2W4yMjO5NsfVilmknCNhcltkstImEGp3niKsjP4QmYTjKLT/xTs3fQyI1mEdhiiH+r7nYTjMDYzgvQ9YQXv9FsxH1EmE45CBOZAgmAGFsIGZ2zyxywyCPpjFlRhxniCWmcxyMCy2ZbSQtsW029gttdkSsuFqgi+RmWMv8AOvuQkMNi5D/4jmMAW1DhUI3+I2VgnvASpCnzmyC/djI3jJXiiIgn2vJzICwtEYE+sRVG7bpvFt8tY3IsdjFtZnDy229Y2H2CI+4CLLYIUs94vsyyC/iYX/5aECMtiB/TnZSRj/8AEGxdmSNqb2VJXLWFtIC0vIZssnCxSQEBJqQlZycWT2SYNJUcLzbEnGywyDyBGyP5g8kh0kEgMggdjRJ8mxo3ls6JEbO6xKTstsr+ySRSujbEZD04F/G6L+YL2XtjDP8AxDsS0MqQrK2zZmiQ2xizvE0sw8td9t1/UhISQNjv3t4fvoO2ls7LIPYnssC6jQgIDby8W8EgmQTHkfuE3qVk9mUGQnpwl5gRnDBYZ2P5nXuKn7xO4OLaJfr65s3Lb/xB2DGDkE1hbWBI4w3y9LRL6t4mpVPqAH6kLyXv3ApA2pY7ZA2a+pW2ZnmyBBZOZL5DEbMqsllgHPYCCT48R2YIDkrMEbs+wdNSzP8AHAZIwMQF4kdL2V9X7Ij+zneefyWSxvfIf/E9pFLEZYrIW2NtNkmARhhMtGSQzyBleQG30hTqwqWRH+L/AEl2SO59bIPqUdmfqFyIWwe2ksN4kYFsOtqM5zGySqTiWiQ3iTt6NseQ8U9HVgmHjwzGe7IpISF9P+396Tjv6knxmjbFvy3/ADdYmEiXuSq2tqE/cwDfuAZSAvpvGRyN360s1IDGrzG9CF/WsrI1/MqvHjOoAfUrbeZCA2oxjJazuWGQ2sOsGfUZIDI2fSc0hvIjMgtCXTnmWGyzwnf9bdZEIsbA8PdP9w/txjCF6k4krLxSE0t/wfP8EiozKmbiwwkpeWTfYC/c6JIlsEsCxjf4s1aGIR022spYWXSUByDs+mB0lwsIfLfIzGNvFa2GSTIptvCRu30WNt8tMvbZiOCFgndgSCt6M6wr0+xn/wDgYY3Z7kWj+qPI84QIn/g/RvawDYJ9yCMELa2DYRtrtkDLsRGw/mTEmLUI+vvglAtSFtbASibCJa5BjdsI6cP7h54MYsZszkkEDkTfYRlD982zMm8lgi2Uxe/cL+ueD9cF4v8AEmowsRnHheoTHIW23u9355/gLw8hclLLYOp02+cNXyDUol7aX/dtBkAZG0CSP3/yXm2LDLwIC7IkhYUDG7AbtutoJ2wIZNINZ0bZ3b14BkeFgrCRo2exEGEMJOWwv9zuIa4pyUnlgIF83AXuP9RX3F+55Qht8izpucGEmMim/l387PAkHSwZCMy9jSKWiRhG2g+3kPvHR4YROLH8WF5smJRIdRiyBYjMjYwdjIMZ0IvdjQgyF2U2UlthpDchsYXIwY3YyA3jxwRGaNlBSI5hKSB2/gQo+JwiG22ebDDKMMNv+U8bQtxhI7IWcxkMgNvSYSx2/RK+khKhLhODOcdQBkGS92wQ+rC1bIHyXGEy8f8AY3LY9vZ2S0/1nB0tckxtbN7sJebNvFIEzljJ6IZGQEkDDqz33m6FsiIYmW2HZP7BY30ch74IWH57/gttsssNJhlBvbbG2K7eZzG0LTePMnZbZ5tlkDI7IZxNY0ew4ywJCRs0thxtDJDYO2ssc2B9g1hNyV3nuzm2W3koEE36l4ER5/8AGESL3OCndlm2CwEYkbbjaJCyl/ZsXaJwxUe5YPmraLYv3Qn4N5t5+V4vGGkw3uSSGwksLwzbZtOacz3jkZeFjPuJiFkgv3Yw6t9sRDJNOPdhd8LfZPZ/hb5IpPkTXIGsK29WSZEMSyAszZF29iWGeDAwjb21CGSzC12DCbImaDy9ycnsPtr+0mekfohT6tSfP1X3o/w96szPEmQ7JjI3klktpYbwbyJ42l5+rH+Y+vuDYjk6m/5LT9QsR4PGUWsLwsxg5KjQs0h5APuA292WxHn02jxTLI4GvCyMvbUgwoSpRh8h2C0tgdtbZGbmOADR+ViyEq2EYfZ5/wB/hax/xNl4zlpMzDSCMOkk3slnHnu83iWMiOYbI2wGREIJ27YPpY5Tizk/UkgF6kcUUsRsBjYXIhN4gmzgyOzq8WVvhYnRixk/UJmQtnEtbBBGEZMZY2z4loHAHYEQLOESF7D31W/k/j8u2/J6zMzMEobJCSCYOOc34u5OMDJW2A8RWx28PZwSSGbIhbQIsFk9nTa5uT3YIEfIhGbb8FlkNiX/AFLg/ps3fuAPq1hbZr1LWHSdCJLS3m4SmSG9SAIOEWdLJKSB9jxgJb8N/H5PyZmeMtYBAOIScSC85vQnb3ZCSDWR2AFiWrg1hG0yHy20CPuWZg6XiSTy1G321WwGcjzZZfgBZALcMLDI+plDgsNWG3yNCXyAjJQbSbbIyGB1ZGv1DvIWsML3BmBf6h5v5G235PGZlItiINkEsktsm28th6yScS9ncgbISRSwCDYKwyLu2+k5M5lgEeDCDAj9w+yq2+8clJTgvCCCYmWewWMikHsmM4Mwxls5bI6D7IDZv69hfwM4eP8Acb9oM77UL8Maceah0/wH5PGZ5OcrDOfuQRjI7Z8ciH2ZLHIJPeESFEEIUW6QqWcPYrLCI/1Lp5GBBG7ZsZPZstl8mAJXDryw6EQpekavDkLxiWeAn7Of0TxtmyPkcbVitqQmQjlvH8SEtSPwefB6/DeMzkzyJw0ZRaG3KQrxE/cJx7tsJ8AkL3ZLEI+umsWOxEIAm+MeMvs+sz3eLC0Y6QwxkQHNh4HIZbbzJZfJeRhNnkrYV7K2QwsYNmvsQQyIkJvdP6tMeD7JWxbb+B+Sczjs2S4WzZHYISbC4AyxL0Z8gTL2y2GG2LZSx2Nz2MYfYPY9YAZ9ZZiKJE1OSTs5kjs7szLnHdYSGEiEthttth47sRkPVllkZecSRHCIOAfuf4SshSBb0+9Quf3NfkePzZ4zm2BIE8FfxDcBSCgcCd5gxGIMQdvTMTQkdsCGbH3J4s/rjcLDCBGTGbcJ9E3nFsi2YYYYYbYyG3hkSxDZzbZZZZgkYN5bDbDGhGpy8IDQJwe2ixgnT57sVMg3PGH/AA3OMwbUzK2kODBg2LL6TMs5XDa5KwyYxhmSQ0n7hWOz97wT7t04i12VyZXZj0sMsJlYEQhCEIMJtsNptpwMQebbzZlwWssHMsYGGMmMS0QInIGFG1J72OPy238LZ8njezFk7sONwJZZecSDmcU+GeJJBeoEDyTywknsmTOSKXoQOSdgx3eGzyG2ORucZS2BZChQiFBDbbYYZhBhtth4hLPCetgwaQFhYw2nFMhVgbC9NhNUn0vthTDfwpB057/gPxSRAWfgzjJ53JJZI7ZAzAyVGWACb3LBmaQIRoMiseN+kIT7gOQnAyln43qA/AQEXOyeNS7Q8C9jgxsEyz8nASUglrebGbITHBtLQhsOa+yF3lYYGbD/ABn4vd+T0DJZZZZEmcdeDdt8gWkSmyZAZJpL5CpKB2PHjJ5J5yPYfAA4CyxYSJCb4LLLPIMIJJ2dyU2aEMgmSzDbDzGDCT3rEoPPH+JAyCvU7ytF/Cx+JJJ68SPhnWXgQkn4ZYc0sDB7LA3rJjwpIQ5BMhi30zoklucLLLCffggD4A2WWSmeTwyyCySEAS62zESQQ2sfcM+SkzTCbBJFS7ayBm3+q/Dn43mWcSevdm9tngSQhJZOwml7If6vU97nkgk7kim2bM0gFbMbMiO2BtTJMwEsIYEEMNkEHNs0ksJCZnQkIT5NnE4WdGXzhGDCMSvokYu2w/x/g8nm/BJLJJJOZZz3jwySQ4kZbjZULUjL+OJwSRjEHIuCV2V6j7H2E/V7LfSGwwhPbdmU11QYtthDbpMGyFhklnHMmwJ62WWSdLJPLI+IJCk0hSCn1f8A47bb+PPivxePwbJJJLOMkkkkkmEljthFmd2SRy9CRejO7smMmMJxmKR7CIttvePRyF9Y1ndpnAIJQIALZvc5gyY/kIm3mSeSSSLNybLILPgDa2nBnMjYGFC121TidvK/NfwNlnEssssnhvGSSSSSSSRtGGRZy1kLlt9kssOx9Ivsk0tbPkc2TiA2ls2Qn7P/AGtgQEHdSMTm804DaC/ux9Q8SWZk9dlnPYImIkGx42D8Asw4yIxOfV/lw2/hz8+WWcSTmSSWSSSSMxJPOG4dVI9L0eCPpg/V4IZsDs4Mjs7JPpPpMk6Ezk0+1hG8C8hpYC3wtl0jM4xJNB/WyEvJZYQk1iKPhkFhmoWWwMsQAeztpbxBCba/4sfV5/gZ8mPgk2SdePEkkkJEDZOYSBJKbhaQRvchjZ7JhNq8yybPIML99eov9ZEED3b6SJYWoLkNjJVvIXsTZ/6tllhOxFjmSyCyCCCwZaSQYQ3+wSjL2P4IA+qWfpf8vrX/AOS/wcwIPzZ1PjllhJZZ8GbJJJLJJJJjAgFnwkFkLpslhOJZZY5zbQIjdiyX2RG33iznhAfA8hAlOvolFlIWm5Lw6Rx/+yZH+5vbFbrNwU1VkEEHCOZwf1EfxRt9EA/iBHJ7IP8AMfgnMvZssnJOFSoJJUJaQQt5k/q32VGF29GyWRZScyWZns7ciEcxllLAIfNltN2XW32UjbzL77e/92lgW+3eTxtWUhWEHxIXnDhLGXnd/L7+V+WWXtllllkkkszAYzbbdJZlZ3ZSXSUgzdL6OBLeZLOShHmMQSAtV+xHrZHO5scCCELkzYMpl3IFeOBIyCa8iyhss7kPY3hDwj7P/Ce/HO5Z8Ms5k2Nv82TZzJIcMop/xLbD5OpPhYZsUYGTfIsRhhzyHrLOOwQTuWykA2RsjMBgyZFAiMkw4mRsydW3bEgkmLmvYNeGuEgM6EWPCOPP8LLPk/hSSyTuSdENrfvYxSFthEhhSB2CJlmEodYhgx42dyc4fkjgCTmwQMiRS2ECNiFsbInmP5lCIp1jCAWSWFnDXhWXLt8ECy1ChcUj5eWflyz8z8H4pZJJZCXjKbeBLkHdhEhAh9xuTEYzUmmxsx0vTJI2mym8fqVgcCDmBTCu+2OX6tI9JMjUkOLxARtIvUyySyyyODyvAx7BxClIGDh/kN78M62WWWSWTPD5PILiRdgiBdhJOtutuMuMuMuMlk5swEzKLcsvBWEgx682wD7k+rXLNvAsLYg5QFg44EFnMksiCzjGNa8x8Sgsb0Duf4ufhzm8Njetl7Hzk6QYezW9LwvdYTZzSd0lbYyZZ+rb3J+yWUATsQxcKhbthJeSsfe8IIklliV1gt0siOZzJLIPeZBxLExjCECCCyyyyD/Gfy53OZZDSLYsxP8AiBFL9w4QhsccG+mWCNuE4l+iZHL3evDkwRKRDFuECsYswIHmRUNSDLdsSDmWc94EF73LJLJ4Assgs/8AByySyz8OSwjrITT/AKIdYfdmcgrDkDsL2AMnJNjeJY5P0F5LICPkrZUGbL62rLGVjI4ygWQ5a2gBMtgQQWWcyyCDuWWfHLLLLO5Fn/gZzLOB8WcS3fbA7JGebBuzRijPRvRL/wD1IhYxwi+JbJljRsVZGdS5CJDaBDabzbTgUzBJtvwwOZzLIGCCyzudyyyz4ZZ8T/P9s+G/F4HLGHra2MVgDELAP+b6jiyM/wCy6SGSSSDM4Iz5OQnnHnko9ADwS0kkkgyaRWFOvDMgQdyIILLIJLLLLPyME/8AhtnybUOFsCBhABAQdINUiRBE6ZCw4siMJ6ZK/bd+o99IBxKUbQRpK5Ea2kOFD6QBBZEFlkEDAfg9l/wc/wDCwsOsJJiRRkJeExlia2BrHrbD7bYIxlSQR2OAImHEpE8Cbhw+goxAcsgYLILLPx588/8AOepI6GhJJPrYCSRJFgfdhJTcpCEKIjFEFheW2WSLNjLNmLmKGDB4JlkFkFlnU/yPfyef5yTHgFIUlkuCLyHwDxTgMIQWWQfAA8CwsgLDmFkkHyyyznvM+GcPnnMg/wAnP8dssmPCDDBPAUUoQTiQILILLLILLLLLL2z8GfN+GdyzmcJ4fJ2PyPxY+vzvXp+F+DMx99I+B04fnPicJ/K8PgfL/8QAJxEBAAIBAwQCAgMBAQAAAAAAAQACAxARIBIhMEAxUBMiMkFRBGD/2gAIAQIBAT8A/wDCKTrIP21rbEvlswvaVyspcfsWwQsa539eFLoythPrlmTLsxusMjK52VzkbVuS9eGG/wBdZl+9omjBhZhZsR1rbZJivufWpMmN3jVjWNZ0zpYEThjvskq7g/WpLUJakaM6ZtNokSJoMw5CH120aktTVI1iRNKqTHlGD9fesY2I3I2OCQ3JiyweB9S2CXyy11Yq6BqGiTZlMrK3HgfT2vtL5Vi6EOBptE0LoymaVvV+ovcJe6sWOhqQosrhZ+IhiJbES2NliErdGUzSth+ltYCZL7xY6ENCYsZFqT8s61hvCIJMtOl1GUukpkH6TLfe20s6FLMMFo4bEdyEqLKlkn4/9hSpG1SflrDKQsJMtd6sTUZWyMx5RND6DJbpqsHcbadNaG9o534qbRy3/wBlc94WpkjRqzFjI2rUls8tmZ1MLMGUtHZJc2s8BlbIkxX3+h/6Ld9om1QimM/1jZs8CYrFjZlsrXtLZFi6hAhaF0lnd5Yrd4e+yz1XlnaWVeWKyXJm+eAQg6LxISj3JWD7jpkdqMo73Jmt350+ZmjqHE5VN7Er8QYe26Z39JiP2l3dgaOu0oTN/UdA0fFiP2hGUtv7ud/WV7VWJyCUO8y6Box0OYTDTtoyttrwfcz/AAR/hHRdQgTH8kyfOocjjipukDRdiKdUo719zLXqrLdq6JE0IRmKX0CHIhrSipKVK65bBWCrMf8AH3LQr12SWx2rHUIE2lTakdDR8FaLK0KnDLbdlDvK/HuWIV2ss2l8NbS2FJ0sDQlnY8YLKYmFQOGW+mGsYPtsdF0ajHERxWJWrL8gm0KrDFZlcErjqccmQJZVla7oSlQIytt7+2+FqMtjjVNDukriYYp+KsKVIBxWXyEtZXTFTS6FZjf29t0XiR1tUSNYKMplIWIcdyNyXyxVYDMWOBplv3mP5Ie3Z2gkHiupLVIwYXYZWGUn5SflI5Y5GNmLAmPHre+xF3mGsPZdMp2lWDBm2i6pokvXXfTfUNCiyuIIaXsAy1mzAlK9J7ljtLbiyltyDN+AcGssa7QJ0sKMMTDGQqGtr7S1mzpippVF9zNTZhZGCJqMGLHhclCvwwxEMRDEQoQA4LL5ZaysJSml7bEw27+5kq2IkrZqwuM20CLxsRJXLtDKQvWFibzqI5COaWyroEpjYAEtYCXu2ZS2zKu57mWmzoQvYhlZ+Vg78AiS1YkNCzOpjZ4VqspjhLXCWu2dBmJ/U9zLXcica2RnZNRhGoxxxxsaJOmbaFWFFhiJWoaXyh8Rs21Ji/ie4zLXvow1rZIWHQJa4SuaVvVjOkjQjQn4yFSBpa9SWyrxqbsqbHtumU7Ojq6l7E62K6CyuWxDKQvWdRG9Y5axzktms8XTDXW2Xa8rYse1m84s3ZvHU40o2lTYNMtypN1ZhvD2c7B9iorKVANL3CXu20qsx23PYZm/lyfFt4cdNopL5SWs20ITCw9dmV/Z8J5llXZjlJbKxeBMHzFlUT1mZHez6rFiwYvImGvbQt03g+rb4Zf58ZDwrovgx0VlQAlrlY2VmG/9erb+Mt8viOAweKzeLHmTFUrWWyhLXbaY3vD1LfEsd/GOhzWLweIu5HLZCLrQ7w9RmQ2s+oujq8jhhTeNyVtuemzKbW9d8RAWFLAs6mYLnx6mc9Z8ZVmPEBplo1syttkmOxY9PMdvoKUVhSuuSu5EmG+zB9K5+ssO/vVJioAOmQTvK5WFhJmrtaVWYrb19JJlrtaPuExVgaJuTJVraVuiS+QtXTBb08x7oTGhOonUTeZaljhV2SGeVyVfRzR87q+EJixTJWNmGRhlY5XiytkSY8wneD57m5LVRj7WKu6QIhMtNnmEMNmGAhhCVE9C9Bl6ezUmOuxrlrEgccfyTcCOUn5oZSVuQfPasvRPYq7QywyELDH4lza3EJV2ZbIxda2SY8sHzMSXpE9UIabsLsMrLO7xCOlMAneP/N/jHBaNLn9TuMxWE8bq62oLHFGjNn0QgaJHmStWVxbwxVONsVWFbY0/sg+Z4dJGgxxEcbOhnTE8lSbRIkTRNGGgSlYHNCV8b4WOiTJ4yVqBE0YnIlZT1HwvDL46zeWtG06p1M6pvwGVJXsEPUfAxjGZWHM1rGWdV0HgTGQIanI8j4GJGZGHgNKSzCp82lrEXhWnUR0qSh4zyPitL/PjrADuy1ljDhjtszNXuJAlCV7B4zyvhv8AEsw8JMZMlu+0YQ4Et3xECUrA9h8CTNaPA50WWicifGKUqyp4z0Hnm5HEIfEedSWP1CVrA9x5Zvnx1ibVjzx1jAgQ9x45zx0qy5+sTlWqsqbECBqe48MpE8BK1WUptLfDLViahK0ZWoQIH0LqkvSJy2ZWkrUCbxlqjOidEMcKECBA+idUiS1I0Z0zpYUhSFYGgabTadM2m2h9QkaxrOmFZtAgfXvF8x6f/8QAJREBAQEAAQQCAgMBAQEAAAAAAQACEAMRIEASMDFQEyEiUUFg/9oACAEDAQE/AP8A4X4siftslnABfAnBaz+xM3aTjpkHCW82s/rixiME4J6U9NsjmwxwlvM/rSx+IIJL43wvijDzrNvKP60bp7I1DwHCeDbzaP1o2d2dkaPBOWbeJP1oxqNNnbDHik5t4k4f1g2N2WPJLWbeJP1uRbHTgj6NZLWJyn6vOe9nAQcHmvCTktYJykn6fGWzkCDxOHYT1yeuz1tWesxseXJaxI/ozgLGYIIPHqdRINMdGenmTJPayoljXfhJJLWe0/o8ZskE6C/lzHVzytpyX8ofieptvjtjpano6tZS6T2TlJJLWP0WSyX9E61r8Rj/ALfDM4L/AFizsS6nUjOtNnox08kHDbyMCas/jlJJLef0BYLN3dMAHjo7MYH+2Mh4vDgg8E43J75F3/yWTy2dy6T/AJ+t5S0SSe9njMeWrpfh+5J/DLJ72Jjk8NN0+D7dvYnjWfdxwcEeGmwf1wfb1NcE575k9zHBEeLYOxwfS871LwX/AJaPcyxwMPK8JZ+t41oLWl5xnjZ7mYjQ+K8HdY+zWwtadPhnPYtIEsntnDGmNcLzgj6lt9WdL4Yzxt4T2yOA4GNXfjBHh3lu93J3knrTtfHGIJbT3YkfcODyNJZ6n/YR4Z6hPUnqs7ZfELOION64yWifbPoOMbSHuSWunOXyCMtnpkAcb3PGc2p9g5yd5z9WNQ8OBnpE9K/iv4o6RGCMnC29y93jOeNM+3htH19PXj25eHRa3PGcrATLPsnA/wB2bWeO128DnLZe54950T1CeqsvOcLZyBNrXGj3MakEk7PieBdNtX8rPVZ6rO2+T4BZ6cAS2tcZFtnuZYZBnDysHjh410xnpJOGct2vix02OkRgIltblgWM9i1nvJ29zGuXOW/jL+ItZ7eI2deHxL4l2DwdBa3LZysZAkktn9ye3jUMeGsjIjy8GmOpGyNl8uVvmT1J1FnpxkJOd/mT2ywx46yanDznE9InGjg1GmOoztnS8mFs9MOHnTL3kk9vDEeBJOCMZ5QnpDPSZxq+LGNR02OlHTg8t65+H9T7XTIPv7F283jWgJ13eMZWS3n2umezp7FrSxZwtnIHCW8yeuXTOCPVbqb7sDZ6UAHKWyT1y6fBwff3u/g/iOlZwHiluZPWLB/XBH1vg8n19Ric9yT1SxwR4Hsa0ZtPds5Vu1vPq5/Nn8en2u3170rZwsZAktFr1Cx+PA8D1mMEF2ktWj1Cw/1wcHv9S+LPpl02I4PeW+RJdTPqdNhjg8T2Ft7hbOhLWe5aOz6fTY8T2tPYnasjxjXbjeZPSy2WHwPZW6mleMJaxOUunruWi2dn0iwx4nsdTXYl4Hs2dGiclnPbjq59PpsPkes28upxovi3a6ekeHjRPStYT0emw8ngeot1N3S3dhnJOCMHiFrJbwk/cWXsww+ZHpb0Bae7FjXc8Xl2E9Wd2iT7TjOmzqHzPoPpbqa7vPS0j4POnsXZWOk38V/HawyfeNnUPkR6Gs9yegz0tTnUNl7nklnAeCW8Tw/UcENnUPsJOBnpEHY8glLXVv5o6uY0SW8/ccmo3GofDv8AYfQnitrq9rXVXwGNpaRk+08Bu8aY3G75Qx9ZLHingk29S/Q/f3u/gRzlj69MMR5tq3PsnBwPOYjwOTwD6W0zPrnkMcZj6DkOF5XwWW2z7JwRHA8ZI8zwJ0v9ED4ukSHhbb7Z4DENn8H2KrZz2OV50dy6ev6SW02nwT3Biz9emwcPDytl7bZbT7x4YI+otEebd/8AdptMvHe73e7+0cY+o+pYf9Sy/osMPHf6FhHX0aYZf0eHy7+OtWH/AE+SzqXvLP6PLH060Wt2V72deCzqVZZfF94hs6h83VrS3aI1Gr5TqdS8L4P6IY1Gi+V3L5TqdSyyw3e+V8rvd/1Qxq73yvld5Zf2Z6L6P//Z	t	2025-11-25 23:54:26.446128	2025-11-26 17:05:41.233	t	$2b$10$TRmMNTQaN9m32KuIGd1dgecGYH0TMWK.SdjbCYCOpPrry8SLwFTb6	majin	NL
493f873a-1cd3-4b4a-9b4a-3991400b350e	\N	\N	\N	\N	t	2025-11-26 21:08:13.70039	2025-11-26 21:08:13.70039	t	$2b$10$IZJyBfgdK4S3V7FzjdoZA.TEL9itF/xdVykG8KMmFMTnThqK2eP6.	macaca	\N
c2f7e012-c027-42cb-bf46-907612938f61	\N	\N	\N	\N	t	2025-11-26 21:08:18.808726	2025-11-26 21:08:18.808726	t	$2b$10$UDDxu2.KIvFX4F3Og7t6I.RTowVE0Ee.nnkpMMfdngMjcugrYRk0u	Pingel	\N
\.


--
-- Name: demons demons_pkey; Type: CONSTRAINT; Schema: public; Owner: neondb_owner
--

ALTER TABLE ONLY public.demons
    ADD CONSTRAINT demons_pkey PRIMARY KEY (id);


--
-- Name: packs packs_pkey; Type: CONSTRAINT; Schema: public; Owner: neondb_owner
--

ALTER TABLE ONLY public.packs
    ADD CONSTRAINT packs_pkey PRIMARY KEY (id);


--
-- Name: records records_pkey; Type: CONSTRAINT; Schema: public; Owner: neondb_owner
--

ALTER TABLE ONLY public.records
    ADD CONSTRAINT records_pkey PRIMARY KEY (id);


--
-- Name: sessions sessions_pkey; Type: CONSTRAINT; Schema: public; Owner: neondb_owner
--

ALTER TABLE ONLY public.sessions
    ADD CONSTRAINT sessions_pkey PRIMARY KEY (sid);


--
-- Name: users users_email_unique; Type: CONSTRAINT; Schema: public; Owner: neondb_owner
--

ALTER TABLE ONLY public.users
    ADD CONSTRAINT users_email_unique UNIQUE (email);


--
-- Name: users users_pkey; Type: CONSTRAINT; Schema: public; Owner: neondb_owner
--

ALTER TABLE ONLY public.users
    ADD CONSTRAINT users_pkey PRIMARY KEY (id);


--
-- Name: IDX_demons_position_listType; Type: INDEX; Schema: public; Owner: neondb_owner
--

CREATE UNIQUE INDEX "IDX_demons_position_listType" ON public.demons USING btree ("position", list_type);


--
-- Name: IDX_pack_levels_demon; Type: INDEX; Schema: public; Owner: neondb_owner
--

CREATE INDEX "IDX_pack_levels_demon" ON public.pack_levels USING btree (demon_id);


--
-- Name: IDX_pack_levels_pack; Type: INDEX; Schema: public; Owner: neondb_owner
--

CREATE INDEX "IDX_pack_levels_pack" ON public.pack_levels USING btree (pack_id);


--
-- Name: IDX_session_expire; Type: INDEX; Schema: public; Owner: neondb_owner
--

CREATE INDEX "IDX_session_expire" ON public.sessions USING btree (expire);


--
-- Name: demons demons_verifier_id_users_id_fk; Type: FK CONSTRAINT; Schema: public; Owner: neondb_owner
--

ALTER TABLE ONLY public.demons
    ADD CONSTRAINT demons_verifier_id_users_id_fk FOREIGN KEY (verifier_id) REFERENCES public.users(id) ON DELETE SET NULL;


--
-- Name: pack_levels pack_levels_demon_id_fkey; Type: FK CONSTRAINT; Schema: public; Owner: neondb_owner
--

ALTER TABLE ONLY public.pack_levels
    ADD CONSTRAINT pack_levels_demon_id_fkey FOREIGN KEY (demon_id) REFERENCES public.demons(id) ON DELETE CASCADE;


--
-- Name: pack_levels pack_levels_pack_id_fkey; Type: FK CONSTRAINT; Schema: public; Owner: neondb_owner
--

ALTER TABLE ONLY public.pack_levels
    ADD CONSTRAINT pack_levels_pack_id_fkey FOREIGN KEY (pack_id) REFERENCES public.packs(id) ON DELETE CASCADE;


--
-- Name: records records_demon_id_demons_id_fk; Type: FK CONSTRAINT; Schema: public; Owner: neondb_owner
--

ALTER TABLE ONLY public.records
    ADD CONSTRAINT records_demon_id_demons_id_fk FOREIGN KEY (demon_id) REFERENCES public.demons(id) ON DELETE CASCADE;


--
-- Name: records records_reviewed_by_users_id_fk; Type: FK CONSTRAINT; Schema: public; Owner: neondb_owner
--

ALTER TABLE ONLY public.records
    ADD CONSTRAINT records_reviewed_by_users_id_fk FOREIGN KEY (reviewed_by) REFERENCES public.users(id);


--
-- Name: records records_user_id_users_id_fk; Type: FK CONSTRAINT; Schema: public; Owner: neondb_owner
--

ALTER TABLE ONLY public.records
    ADD CONSTRAINT records_user_id_users_id_fk FOREIGN KEY (user_id) REFERENCES public.users(id) ON DELETE CASCADE;


--
-- Name: DEFAULT PRIVILEGES FOR SEQUENCES; Type: DEFAULT ACL; Schema: public; Owner: cloud_admin
--

ALTER DEFAULT PRIVILEGES FOR ROLE cloud_admin IN SCHEMA public GRANT ALL ON SEQUENCES TO neon_superuser WITH GRANT OPTION;


--
-- Name: DEFAULT PRIVILEGES FOR TABLES; Type: DEFAULT ACL; Schema: public; Owner: cloud_admin
--

ALTER DEFAULT PRIVILEGES FOR ROLE cloud_admin IN SCHEMA public GRANT ALL ON TABLES TO neon_superuser WITH GRANT OPTION;


--
-- PostgreSQL database dump complete
--

\unrestrict BmMoxrgql5lRCkHxA9xlltqHxtbYRUTch0lZxeXD3cQ9bthsSU3v2I82dDxK4jy

